,structure_id,self_chains,coverage,mutations,complex_details,binding_partners,residues,complex_type
0,7R2E,C;D,"{'C': '[(16, 91)]', 'D': '[(16, 91)]'}",,"SENP7_HUMAN, Q9BQF6, chain_A;SUMO3_HUMAN, P55854, chain_C",C residues binding A,"[17, 19, 20, 21, 22, 26, 27, 28, 29, 30, 31, 32, 50, 81, 206, 229, 235]",protein complex
1,7R2E,C;D,"{'C': '[(16, 91)]', 'D': '[(16, 91)]'}",,"SENP7_HUMAN, Q9BQF6, chain_A;SUMO3_HUMAN, P55854, chain_C",A residues binding C,"[759, 760, 762, 765, 768, 771, 1162, 1207, 1222]",protein complex
2,7R2E,C;D,"{'C': '[(16, 91)]', 'D': '[(16, 91)]'}",,"SENP7_HUMAN, Q9BQF6, chain_A;SUMO3_HUMAN, P55854, chain_C",D residues binding A,"[20, 21, 22, 23, 24, 25, 26, 27, 28, 29, 36, 44, 47, 54, 55, 56, 57, 58, 59, 60, 61, 62, 63, 64, 65, 66, 67, 68, 69, 70, 71, 72, 73, 74, 75, 76, 77, 78, 79, 80, 81, 82, 83, 84, 85, 86, 87, 88, 89, 90, 91, 92, 201, 202, 203, 204, 206, 209, 210, 211, 213, 214, 217, 219, 220, 221, 222, 223, 224, 225, 226]",protein complex
3,7R2E,C;D,"{'C': '[(16, 91)]', 'D': '[(16, 91)]'}",,"SENP7_HUMAN, Q9BQF6, chain_A;SUMO3_HUMAN, P55854, chain_C",A residues binding D,"[678, 679, 680, 681, 683, 684, 685, 686, 687, 688, 689, 690, 691, 692, 693, 694, 695, 696, 697, 698, 699, 700, 701, 702, 703, 704, 705, 706, 707, 708, 709, 710, 711, 712, 713, 714, 715, 716, 717, 719, 720, 723, 724, 736, 737, 738, 739, 740, 741, 742, 743, 744, 745, 746, 747, 748, 764, 765, 766, 767, 768, 769, 770, 771, 772, 773, 774, 775, 776, 777, 786, 787, 788, 789, 790, 791, 792, 793, 794, 795, 796, 874, 875, 890, 920, 922, 923, 924, 925, 926, 927, 928, 929, 930, 931, 964, 967, 1001, 1106, 1109, 1110, 1116, 1120, 1123, 1128, 1129, 1133, 1135, 1136, 1137, 1139, 1140, 1141, 1144, 1150, 1152, 1155, 1156, 1161, 1162, 1167, 1171, 1175, 1179, 1183, 1186, 1190, 1194, 1199, 1200, 1201, 1209, 1211, 1217, 1221]",protein complex
4,7ZJU,B;D,"{'B': '[(16, 91)]', 'D': '[(16, 91)]'}",,"USPL1_HUMAN, Q5W0Q7, chain_A;SUMO3_HUMAN, P55854, chain_B",B residues binding A,"[16, 17, 18, 19, 20, 21, 22, 23, 24, 25, 26, 27, 28, 29, 30, 31, 32, 33, 39, 41, 43, 45, 46, 48, 49, 50, 52, 55, 56, 57, 58, 59, 60, 61, 62, 63, 64, 65, 66, 67, 68, 69, 70, 71, 72, 74, 75, 76, 77, 81, 82, 83, 84, 85, 86, 87, 88, 89, 90, 91, 101, 102, 104, 105, 106, 107, 108, 109, 111, 112, 113, 114, 115, 116, 117, 119, 120, 121, 122, 123, 125, 126, 127, 128, 129, 131, 132, 133, 134, 135, 137, 138, 140, 141, 144, 145, 146, 148, 149, 150]",protein complex
5,7ZJU,B;D,"{'B': '[(16, 91)]', 'D': '[(16, 91)]'}",,"USPL1_HUMAN, Q5W0Q7, chain_A;SUMO3_HUMAN, P55854, chain_B",A residues binding B,"[225, 231, 232, 233, 234, 235, 236, 237, 238, 239, 240, 241, 267, 271, 275, 278, 279, 316, 318, 319, 320, 321, 322, 323, 324, 325, 326, 328, 329, 330, 331, 332, 333, 334, 335, 336, 337, 338, 339, 340, 341, 342, 343, 348, 352, 353, 355, 357, 358, 359, 366, 368, 370, 372, 373, 374, 375, 376, 377, 378, 379, 380, 381, 382, 391, 392, 393, 394, 395, 396, 397, 398, 399, 400, 401, 402, 403, 404, 405, 406, 407, 408, 409, 419, 420, 421, 422, 423, 424, 425, 449, 450, 451, 452, 453, 454, 455, 456, 457, 458, 473, 474, 478, 490, 491, 492, 493, 494, 803, 907, 908, 914, 915, 916, 917, 918, 920, 921, 922, 924, 925, 929, 930, 933, 934, 937, 939, 941, 942, 943, 946, 950, 952, 953, 954, 957, 959, 960, 966, 970, 971, 972, 979, 980, 982, 984, 985, 986, 988, 989, 991, 998, 1001, 1002, 1003, 1004, 1005, 1007, 1008, 1009, 1010, 1011, 1016, 1019, 1020, 1021, 1022]",protein complex
6,7ZJU,B;D,"{'B': '[(16, 91)]', 'D': '[(16, 91)]'}",,"USPL1_HUMAN, Q5W0Q7, chain_A;SUMO3_HUMAN, P55854, chain_B",D residues binding A,"[55, 56, 88, 89, 90, 91, 223, 228]",protein complex
7,7ZJU,B;D,"{'B': '[(16, 91)]', 'D': '[(16, 91)]'}",,"USPL1_HUMAN, Q5W0Q7, chain_A;SUMO3_HUMAN, P55854, chain_B",A residues binding D,"[233, 234, 324, 327, 328, 329, 330, 331, 335, 917, 918, 921, 924, 929, 982, 984, 990, 991, 1002, 1008]",protein complex
8,9GNN,C;D,"{'C': '[(15, 91)]', 'D': '[(15, 91)]'}",,"SENP5_HUMAN, Q96HI0, chain_A;SUMO3_HUMAN, P55854, chain_C",C residues binding A,"[19, 20, 21, 22, 23, 24, 25, 26, 27, 28, 29, 44, 54, 55, 56, 57, 58, 59, 60, 61, 62, 63, 64, 65, 66, 67, 68, 69, 70, 71, 73, 74, 75, 76, 77, 78, 79, 80, 81, 82, 83, 84, 85, 86, 87, 88, 89, 90, 91, 92, 202, 203]",protein complex
9,9GNN,C;D,"{'C': '[(15, 91)]', 'D': '[(15, 91)]'}",,"SENP5_HUMAN, Q96HI0, chain_A;SUMO3_HUMAN, P55854, chain_C",A residues binding C,"[566, 567, 568, 569, 570, 571, 572, 573, 574, 575, 576, 577, 578, 579, 580, 581, 582, 583, 584, 585, 586, 587, 588, 589, 590, 591, 592, 593, 596, 597, 604, 605, 606, 607, 608, 609, 610, 611, 612, 613, 614, 615, 616, 617, 618, 620, 621, 622, 623, 624, 625, 626, 627, 628, 629, 640, 641, 642, 643, 644, 645, 646, 647, 648, 663, 664, 665, 679, 707, 709, 710, 711, 712, 713, 714, 715, 716, 717, 718, 737, 741, 744, 801, 905, 908, 909, 913]",protein complex
10,9GNN,C;D,"{'C': '[(15, 91)]', 'D': '[(15, 91)]'}",,"SENP5_HUMAN, Q96HI0, chain_A;SUMO3_HUMAN, P55854, chain_C",D residues binding A,"[25, 53, 57, 88, 89, 90, 91, 92]",protein complex
11,9GNN,C;D,"{'C': '[(15, 91)]', 'D': '[(15, 91)]'}",,"SENP5_HUMAN, Q96HI0, chain_A;SUMO3_HUMAN, P55854, chain_C",A residues binding D,"[612, 615, 616, 617, 644, 671]",protein complex
12,2IO1,B;D;F,"{'B': '[(15, 95)]', 'D': '[(15, 96)]', 'F': '[(15, 95)]'}",,"SENP2_HUMAN, Q9HC62, chain_A;SUMO3_HUMAN, P55854, chain_B",B residues binding A,"[19, 20, 21, 22, 23, 24, 25, 26, 27, 28, 39, 40, 43, 44, 46, 53, 54, 55, 56, 57, 58, 59, 60, 61, 62, 63, 64, 65, 66, 67, 68, 69, 70, 71, 72, 73, 74, 75, 76, 77, 78, 79, 80, 81, 82, 83, 84, 85, 86, 87, 88, 89, 90, 91, 92, 93, 94, 95, 105, 107, 108, 109, 110, 111, 112, 113, 116, 117, 118, 119, 120, 121, 122, 123, 124, 125, 126, 127, 128, 129, 130]",protein complex
13,2IO1,B;D;F,"{'B': '[(15, 95)]', 'D': '[(15, 96)]', 'F': '[(15, 95)]'}",,"SENP2_HUMAN, Q9HC62, chain_A;SUMO3_HUMAN, P55854, chain_B",A residues binding B,"[3, 10, 14, 18, 27, 33, 42, 55, 57, 92, 101, 129, 133, 148, 150, 168, 169, 174, 178, 181, 183, 199, 217, 223, 230, 233, 255, 261, 267, 271, 275, 384, 385, 386, 387, 388, 390, 391, 392, 393, 394, 395, 396, 397, 398, 399, 400, 401, 402, 403, 404, 405, 406, 408, 409, 410, 411, 412, 413, 414, 415, 416, 417, 418, 420, 421, 436, 437, 438, 439, 440, 441, 442, 443, 444, 445, 446, 447, 448, 449, 450, 451, 452, 453, 454, 455, 456, 457, 458, 459, 460, 461, 471, 472, 473, 474, 475, 476, 477, 478, 479, 480, 493, 495, 496, 497, 498, 499, 500, 511, 519, 541, 542, 543, 544, 545, 546, 547, 548, 549, 550, 551, 552, 553, 569, 572, 576]",protein complex
14,2IO1,B;D;F,"{'B': '[(15, 95)]', 'D': '[(15, 96)]', 'F': '[(15, 95)]'}",,"SENP2_HUMAN, Q9HC62, chain_A;SUMO3_HUMAN, P55854, chain_B",D residues binding A,"[15, 34, 35, 36, 37, 38, 39, 40, 41, 44, 64, 65, 67, 68, 69, 70, 71, 72, 73, 74, 75, 76, 110, 112, 113, 124, 129, 131, 133]",protein complex
15,2IO1,B;D;F,"{'B': '[(15, 95)]', 'D': '[(15, 96)]', 'F': '[(15, 95)]'}",,"SENP2_HUMAN, Q9HC62, chain_A;SUMO3_HUMAN, P55854, chain_B",A residues binding D,"[23, 42, 57, 74, 169, 174, 194, 235, 241, 251, 403, 404, 406, 407, 408, 409, 410, 411, 475, 476, 477, 478, 497, 542, 543, 544, 545, 546, 547, 548, 569, 576]",protein complex
16,2IO1,B;D;F,"{'B': '[(15, 95)]', 'D': '[(15, 96)]', 'F': '[(15, 95)]'}",,"SENP2_HUMAN, Q9HC62, chain_A;SUMO3_HUMAN, P55854, chain_B",F residues binding A,[],protein complex
17,2IO1,B;D;F,"{'B': '[(15, 95)]', 'D': '[(15, 96)]', 'F': '[(15, 95)]'}",,"SENP2_HUMAN, Q9HC62, chain_A;SUMO3_HUMAN, P55854, chain_B",A residues binding F,[],protein complex
18,6NNQ,B,"{'B': '[(15, 92)]'}",,"SENP1_HUMAN, Q9P0U3, chain_A;SUMO3_HUMAN, P55854, chain_B",B residues binding A,"[23, 24, 25, 26, 27, 37, 38, 39, 40, 41, 44, 45, 48, 53, 54, 55, 56, 57, 58, 59, 60, 61, 62, 63, 64, 65, 66, 67, 68, 69, 70, 71, 72, 73, 74, 75, 76, 77, 78, 79, 80, 81, 82, 83, 84, 85, 86, 87, 88, 89, 90, 91, 92, 93, 101, 102, 103, 104, 105]",protein complex
19,6NNQ,B,"{'B': '[(15, 92)]'}",,"SENP1_HUMAN, Q9P0U3, chain_A;SUMO3_HUMAN, P55854, chain_B",A residues binding B,"[437, 438, 439, 440, 441, 442, 443, 444, 445, 446, 447, 448, 449, 450, 451, 452, 453, 454, 455, 456, 457, 458, 459, 460, 463, 464, 465, 466, 467, 468, 469, 470, 471, 472, 473, 476, 479, 491, 492, 493, 494, 495, 496, 497, 498, 499, 500, 501, 502, 503, 504, 505, 507, 508, 509, 510, 511, 512, 513, 514, 515, 516, 527, 528, 529, 530, 531, 532, 533, 534, 535, 550, 551, 552, 566, 574, 595, 596, 597, 598, 599, 600, 601, 602, 603, 604, 605, 606, 623, 630, 706, 707, 709, 714, 717, 720, 725, 736]",protein complex
20,6K5R,A,"{'A': '[(15, 91)]'}",,"SUMO3_HUMAN, P55854, chain_A;VIE2_HCMVA, P19893, chain_B",A residues binding B,"[16, 17, 18, 19, 20, 21, 22, 23, 24, 25, 26, 27, 28, 29, 30, 31, 32, 33, 34, 35, 36, 37, 38, 39, 40, 41, 42, 43, 44, 45, 46, 47, 48, 49, 50, 51, 52, 58, 60, 71, 72, 73, 74, 78, 84, 86]",protein complex
21,6K5R,A,"{'A': '[(15, 91)]'}",,"SUMO3_HUMAN, P55854, chain_A;VIE2_HCMVA, P19893, chain_B",B residues binding A,"[195, 196, 197, 198, 199, 200, 201, 202, 203, 204, 205, 206]",protein complex
22,2MP2,A;B,"{'A': '[(12, 92)]', 'B': '[(2, 90)]'}",,"SUMO3_HUMAN, P55854, chain_A;RNF4_MOUSE, Q9QZS2, chain_C",A residues binding C,"[2, 3, 4, 5, 6, 7, 8, 9, 10, 11, 12, 13, 14, 15, 16, 17, 18, 19, 20, 21, 22, 23, 24, 25, 26, 27, 28, 29, 30, 31, 32, 33, 34, 35, 36, 37, 38, 39, 40, 41, 42, 44, 45, 48, 49, 56, 57, 58, 59, 60, 61, 62, 63, 64, 65, 67, 68, 69, 73, 75, 82]",protein complex
23,2MP2,A;B,"{'A': '[(12, 92)]', 'B': '[(2, 90)]'}",,"SUMO3_HUMAN, P55854, chain_A;RNF4_MOUSE, Q9QZS2, chain_C",C residues binding A,"[5, 6, 8, 9, 10, 11, 12, 13, 14, 15, 16, 17, 18, 19, 20, 21, 22, 23, 24, 25, 26]",protein complex
24,2MP2,A;B,"{'A': '[(12, 92)]', 'B': '[(2, 90)]'}",,"SUMO3_HUMAN, P55854, chain_A;RNF4_MOUSE, Q9QZS2, chain_C",A residues binding A,[],protein complex
25,2MP2,A;B,"{'A': '[(12, 92)]', 'B': '[(2, 90)]'}",,"SUMO3_HUMAN, P55854, chain_A;RNF4_MOUSE, Q9QZS2, chain_C",B residues binding C,"[1, 2, 3, 4, 5, 6, 7, 9, 11, 12, 13, 14, 15, 16, 17, 18, 19, 20, 21, 22, 23, 26, 27, 28, 29, 30, 31, 32, 33, 34, 35, 36, 37, 38, 39, 40, 41, 42, 43, 44, 45, 46, 47, 48, 49, 50, 54, 59, 68, 69, 70, 71, 72, 73, 74, 77, 79, 80, 81, 82, 83]",protein complex
26,2MP2,A;B,"{'A': '[(12, 92)]', 'B': '[(2, 90)]'}",,"SUMO3_HUMAN, P55854, chain_A;RNF4_MOUSE, Q9QZS2, chain_C",C residues binding B,"[2, 3, 4, 5, 6, 7, 8, 9, 10, 11, 12, 13, 14, 15, 16]",protein complex
27,2MP2,A;B,"{'A': '[(12, 92)]', 'B': '[(2, 90)]'}",,"SUMO3_HUMAN, P55854, chain_A;RNF4_MOUSE, Q9QZS2, chain_C",B residues binding A,"[1, 2, 3, 4, 5, 6, 7, 8, 9, 10, 11, 12, 13, 14, 15, 16, 17, 18, 32, 33, 34, 35, 78, 79, 80]",protein complex
28,2MP2,A;B,"{'A': '[(12, 92)]', 'B': '[(2, 90)]'}",,"SUMO3_HUMAN, P55854, chain_A;RNF4_MOUSE, Q9QZS2, chain_C",A residues binding B,"[28, 29, 30, 33, 43, 44, 45, 46, 47, 48, 49, 54, 55, 56, 57, 58, 59, 60, 61, 64, 65, 77, 78, 79, 80, 81, 82]",protein complex
