variant_id,variant_name,genomic_annotation,gene_name,interpretation,condition,review_status,methods
3749852,NM_000554.6(CRX):c.257G>A (p.Trp86Ter),"GRCh38,NC_000019.10:g.47839324G>A GRCh37,NC_000019.9:g.48342581G>A",CRX,Pathogenic,['Leber congenital amaurosis 7'],"criteria provided, single submitter",['Invitae Variant Classification Sherloc (09022015)']
2929028,NM_000554.6(CRX):c.606C>A (p.Cys202Ter),"GRCh38,NC_000019.10:g.47839673C>A GRCh37,NC_000019.9:g.48342930C>A",CRX,Pathogenic,['Leber congenital amaurosis 7'],"criteria provided, single submitter",['Invitae Variant Classification Sherloc (09022015)']
2925643,NM_000554.6(CRX):c.682C>T (p.Gln228Ter),"GRCh38,NC_000019.10:g.47839749C>T GRCh37,NC_000019.9:g.48343006C>T",CRX,Pathogenic/Likely pathogenic,"['Retinitis pigmentosa', 'Leber congenital amaurosis 7']","criteria provided, multiple submitters, no conflicts","['Invitae Variant Classification Sherloc (09022015)', 'PRISM ACMG Classification Criteria']"
2109639,NM_000554.6(CRX):c.488G>A (p.Trp163Ter),"GRCh38,NC_000019.10:g.47839555G>A GRCh37,NC_000019.9:g.48342812G>A",CRX,Pathogenic,['Leber congenital amaurosis 7'],"criteria provided, single submitter",['Invitae Variant Classification Sherloc (09022015)']
1685674,NM_000554.6(CRX):c.545C>G (p.Ser182Ter),"GRCh38,NC_000019.10:g.47839612C>G GRCh37,NC_000019.9:g.48342869C>G",CRX,Pathogenic/Likely pathogenic,"['Leber congenital amaurosis 7', 'Cone-rod dystrophy 2']","criteria provided, multiple submitters, no conflicts","['Invitae Variant Classification Sherloc (09022015)', 'Mendelics Assertion Criteria 2019']"
1496447,NM_000554.6(CRX):c.624T>G (p.Tyr208Ter),"GRCh38,NC_000019.10:g.47839691T>G GRCh37,NC_000019.9:g.48342948T>G",CRX,Pathogenic,['Cone-rod dystrophy 2'],"criteria provided, single submitter",['Invitae Variant Classification Sherloc (09022015)']
1037927,NM_000554.6(CRX):c.426C>A (p.Tyr142Ter),"GRCh38,NC_000019.10:g.47839493C>A GRCh37,NC_000019.9:g.48342750C>A",CRX,Pathogenic,['Leber congenital amaurosis 7'],"criteria provided, single submitter",['Invitae Variant Classification Sherloc (09022015)']
978221,NM_000554.6(CRX):c.292C>T (p.Arg98Ter),"GRCh38,NC_000019.10:g.47839359C>T GRCh37,NC_000019.9:g.48342616C>T",CRX,Pathogenic/Likely pathogenic,"['Retinitis pigmentosa', 'Cone-rod dystrophy 2', 'Cone-rod dystrophy 2']","criteria provided, multiple submitters, no conflicts",['not provided']
973903,NM_000554.6(CRX):c.585C>A (p.Tyr195Ter),"GRCh38,NC_000019.10:g.47839652C>A GRCh37,NC_000019.9:g.48342909C>A",CRX,Pathogenic,['Leber congenital amaurosis 7'],no assertion criteria provided,['not provided']
973900,NM_000554.6(CRX):c.523C>T (p.Gln175Ter),"GRCh38,NC_000019.10:g.47839590C>T GRCh37,NC_000019.9:g.48342847C>T",CRX,Pathogenic,"['Cone-rod dystrophy 2', 'See cases', 'Leber congenital amaurosis 7']","criteria provided, multiple submitters, no conflicts",['not provided']
973898,NM_000554.6(CRX):c.489G>A (p.Trp163Ter),"GRCh38,NC_000019.10:g.47839556G>A GRCh37,NC_000019.9:g.48342813G>A",CRX,Pathogenic,['Leber congenital amaurosis 7'],no assertion criteria provided,['not provided']
866673,NM_000554.6(CRX):c.313C>T (p.Gln105Ter),"GRCh38,NC_000019.10:g.47839380C>T GRCh37,NC_000019.9:g.48342637C>T",CRX,Pathogenic,['Retinal dystrophy'],"criteria provided, single submitter",['Blueprint Genetics Variant Classification Scheme']
861103,NM_000554.6(CRX):c.766C>T (p.Gln256Ter),"GRCh38,NC_000019.10:g.47839833C>T GRCh37,NC_000019.9:g.48343090C>T",CRX,Pathogenic/Likely pathogenic,"['Cone-rod dystrophy 2', 'Cone-rod dystrophy 2']","criteria provided, multiple submitters, no conflicts","['Invitae Variant Classification Sherloc (09022015)', 'Mendelics Assertion Criteria 2019', 'ACMG Guidelines, 2015']"
218921,NM_000554.6(CRX):c.449C>G (p.Ser150Ter),"GRCh38,NC_000019.10:g.47839516C>G GRCh37,NC_000019.9:g.48342773C>G",CRX,Pathogenic/Likely pathogenic,"['not provided', 'Leber congenital amaurosis 7', 'Benign concentric annular macular dystrophy']","criteria provided, multiple submitters, no conflicts",['not provided']
4293076,NM_000554.6(CRX):c.828G>A (p.Trp276Ter),"GRCh37,NC_000019.9:g.48343152G>A GRCh38,NC_000019.10:g.47839895G>A",CRX,Likely pathogenic,['Cone-rod dystrophy 2'],"criteria provided, single submitter","['ACMG Guidelines, 2015']"
3775931,NM_000554.6(CRX):c.500C>G (p.Ser167Ter),"GRCh38,NC_000019.10:g.47839567C>G GRCh37,NC_000019.9:g.48342824C>G",CRX,Likely pathogenic,['Cone-rod dystrophy 2'],"criteria provided, single submitter","['ACMG Guidelines, 2015']"
3376154,NM_000554.6(CRX):c.573T>G (p.Tyr191Ter),"GRCh38,NC_000019.10:g.47839640T>G GRCh37,NC_000019.9:g.48342897T>G",CRX,Likely pathogenic,['Cone-rod dystrophy 2'],"criteria provided, single submitter","['ACMG Guidelines, 2015']"
3028507,NM_000554.6(CRX):c.727G>T (p.Gly243Ter),"GRCh38,NC_000019.10:g.47839794G>T GRCh37,NC_000019.9:g.48343051G>T",CRX,Likely pathogenic,['Retinal dystrophy'],"criteria provided, single submitter","[""Submitter's publication""]"
2152320,NM_000554.6(CRX):c.663C>G (p.Tyr221Ter),"GRCh38,NC_000019.10:g.47839730C>G GRCh37,NC_000019.9:g.48342987C>G",CRX,Likely pathogenic,['Leber congenital amaurosis 7'],"criteria provided, single submitter",['Invitae Variant Classification Sherloc (09022015)']
1479901,NM_000554.6(CRX):c.774T>A (p.Tyr258Ter),"GRCh38,NC_000019.10:g.47839841T>A GRCh37,NC_000019.9:g.48343098T>A",CRX,Likely pathogenic,['Leber congenital amaurosis 7'],"criteria provided, single submitter",['Invitae Variant Classification Sherloc (09022015)']
636022,NM_000554.6(CRX):c.827G>A (p.Trp276Ter),"GRCh38,NC_000019.10:g.47839894G>A GRCh37,NC_000019.9:g.48343151G>A",CRX,Likely pathogenic,['Stargardt disease'],no assertion criteria provided,['not provided']
437960,NM_000554.6(CRX):c.295C>T (p.Gln99Ter),"GRCh38,NC_000019.10:g.47839362C>T GRCh37,NC_000019.9:g.48342619C>T",CRX,Likely pathogenic,['Macular dystrophy'],no assertion criteria provided,['not provided']
425193,NM_000554.6(CRX):c.663C>A (p.Tyr221Ter),"GRCh38,NC_000019.10:g.47839730C>A GRCh37,NC_000019.9:g.48342987C>A",CRX,Likely pathogenic,"['Retinal dystrophy', 'not provided', 'Cone-rod dystrophy 2']","criteria provided, multiple submitters, no conflicts","['CeGaT Center For Human Genetics Tuebingen Variant Classification Criteria Version 2', 'Invitae Variant Classification Sherloc (09022015)', 'Blueprint Genetics Variant Classification Scheme']"
1507533,NM_000554.6(CRX):c.783C>G (p.Tyr261Ter),"GRCh38,NC_000019.10:g.47839850C>G GRCh37,NC_000019.9:g.48343107C>G",CRX,Uncertain significance,['Cone-rod dystrophy 2'],"criteria provided, single submitter",['Invitae Variant Classification Sherloc (09022015)']
1058199,NM_000554.6(CRX):c.871C>T (p.Gln291Ter),"GRCh38,NC_000019.10:g.47839938C>T GRCh37,NC_000019.9:g.48343195C>T",CRX,Uncertain significance,['Leber congenital amaurosis 7'],"criteria provided, single submitter",['Invitae Variant Classification Sherloc (09022015)']
829982,NM_000554.6(CRX):c.898T>C (p.Ter300Gln),"GRCh38,NC_000019.10:g.47839965T>C GRCh37,NC_000019.9:g.48343222T>C",CRX,Uncertain significance,"['Cone-rod dystrophy 2', 'Cone-rod dystrophy 2']","criteria provided, single submitter",['not provided']
