mutation;pfam_domain;accession
T12A;Not found;NA
T12C;Not found;NA
T12D;Not found;NA
T12E;Not found;NA
T12F;Not found;NA
T12G;Not found;NA
T12H;Not found;NA
T12I;Not found;NA
T12K;Not found;NA
T12L;Not found;NA
T12M;Not found;NA
T12N;Not found;NA
T12P;Not found;NA
T12Q;Not found;NA
T12R;Not found;NA
T12S;Not found;NA
T12V;Not found;NA
T12W;Not found;NA
T12Y;Not found;NA
E13A;Not found;NA
E13C;Not found;NA
E13D;Not found;NA
E13F;Not found;NA
E13G;Not found;NA
E13H;Not found;NA
E13I;Not found;NA
E13K;Not found;NA
E13L;Not found;NA
E13M;Not found;NA
E13N;Not found;NA
E13P;Not found;NA
E13Q;Not found;NA
E13R;Not found;NA
E13S;Not found;NA
E13T;Not found;NA
E13V;Not found;NA
E13W;Not found;NA
E13Y;Not found;NA
N14A;Not found;NA
N14C;Not found;NA
N14D;Not found;NA
N14E;Not found;NA
N14F;Not found;NA
N14G;Not found;NA
N14H;Not found;NA
N14I;Not found;NA
N14K;Not found;NA
N14L;Not found;NA
N14M;Not found;NA
N14P;Not found;NA
N14Q;Not found;NA
N14R;Not found;NA
N14S;Not found;NA
N14T;Not found;NA
N14V;Not found;NA
N14W;Not found;NA
N14Y;Not found;NA
D15A;Not found;NA
D15C;Not found;NA
D15E;Not found;NA
D15F;Not found;NA
D15G;Not found;NA
D15H;Not found;NA
D15I;Not found;NA
D15K;Not found;NA
D15L;Not found;NA
D15M;Not found;NA
D15N;Not found;NA
D15P;Not found;NA
D15Q;Not found;NA
D15R;Not found;NA
D15S;Not found;NA
D15T;Not found;NA
D15V;Not found;NA
D15W;Not found;NA
D15Y;Not found;NA
H16A;Not found;NA
H16C;Not found;NA
H16D;Not found;NA
H16E;Not found;NA
H16F;Not found;NA
H16G;Not found;NA
H16I;Not found;NA
H16K;Not found;NA
H16L;Not found;NA
H16M;Not found;NA
H16N;Not found;NA
H16P;Not found;NA
H16Q;Not found;NA
H16R;Not found;NA
H16S;Not found;NA
H16T;Not found;NA
H16V;Not found;NA
H16W;Not found;NA
H16Y;Not found;NA
I17A;Ubiquitin-2 like Rad60 SUMO-like;PF11976
I17C;Ubiquitin-2 like Rad60 SUMO-like;PF11976
I17D;Ubiquitin-2 like Rad60 SUMO-like;PF11976
I17E;Ubiquitin-2 like Rad60 SUMO-like;PF11976
I17F;Ubiquitin-2 like Rad60 SUMO-like;PF11976
I17G;Ubiquitin-2 like Rad60 SUMO-like;PF11976
I17H;Ubiquitin-2 like Rad60 SUMO-like;PF11976
I17K;Ubiquitin-2 like Rad60 SUMO-like;PF11976
I17L;Ubiquitin-2 like Rad60 SUMO-like;PF11976
I17M;Ubiquitin-2 like Rad60 SUMO-like;PF11976
I17N;Ubiquitin-2 like Rad60 SUMO-like;PF11976
I17P;Ubiquitin-2 like Rad60 SUMO-like;PF11976
I17Q;Ubiquitin-2 like Rad60 SUMO-like;PF11976
I17R;Ubiquitin-2 like Rad60 SUMO-like;PF11976
I17S;Ubiquitin-2 like Rad60 SUMO-like;PF11976
I17T;Ubiquitin-2 like Rad60 SUMO-like;PF11976
I17V;Ubiquitin-2 like Rad60 SUMO-like;PF11976
I17W;Ubiquitin-2 like Rad60 SUMO-like;PF11976
I17Y;Ubiquitin-2 like Rad60 SUMO-like;PF11976
N18A;Ubiquitin-2 like Rad60 SUMO-like;PF11976
N18C;Ubiquitin-2 like Rad60 SUMO-like;PF11976
N18D;Ubiquitin-2 like Rad60 SUMO-like;PF11976
N18E;Ubiquitin-2 like Rad60 SUMO-like;PF11976
N18F;Ubiquitin-2 like Rad60 SUMO-like;PF11976
N18G;Ubiquitin-2 like Rad60 SUMO-like;PF11976
N18H;Ubiquitin-2 like Rad60 SUMO-like;PF11976
N18I;Ubiquitin-2 like Rad60 SUMO-like;PF11976
N18K;Ubiquitin-2 like Rad60 SUMO-like;PF11976
N18L;Ubiquitin-2 like Rad60 SUMO-like;PF11976
N18M;Ubiquitin-2 like Rad60 SUMO-like;PF11976
N18P;Ubiquitin-2 like Rad60 SUMO-like;PF11976
N18Q;Ubiquitin-2 like Rad60 SUMO-like;PF11976
N18R;Ubiquitin-2 like Rad60 SUMO-like;PF11976
N18S;Ubiquitin-2 like Rad60 SUMO-like;PF11976
N18T;Ubiquitin-2 like Rad60 SUMO-like;PF11976
N18V;Ubiquitin-2 like Rad60 SUMO-like;PF11976
N18W;Ubiquitin-2 like Rad60 SUMO-like;PF11976
N18Y;Ubiquitin-2 like Rad60 SUMO-like;PF11976
L19A;Ubiquitin-2 like Rad60 SUMO-like;PF11976
L19C;Ubiquitin-2 like Rad60 SUMO-like;PF11976
L19D;Ubiquitin-2 like Rad60 SUMO-like;PF11976
L19E;Ubiquitin-2 like Rad60 SUMO-like;PF11976
L19F;Ubiquitin-2 like Rad60 SUMO-like;PF11976
L19G;Ubiquitin-2 like Rad60 SUMO-like;PF11976
L19H;Ubiquitin-2 like Rad60 SUMO-like;PF11976
L19I;Ubiquitin-2 like Rad60 SUMO-like;PF11976
L19K;Ubiquitin-2 like Rad60 SUMO-like;PF11976
L19M;Ubiquitin-2 like Rad60 SUMO-like;PF11976
L19N;Ubiquitin-2 like Rad60 SUMO-like;PF11976
L19P;Ubiquitin-2 like Rad60 SUMO-like;PF11976
L19Q;Ubiquitin-2 like Rad60 SUMO-like;PF11976
L19R;Ubiquitin-2 like Rad60 SUMO-like;PF11976
L19S;Ubiquitin-2 like Rad60 SUMO-like;PF11976
L19T;Ubiquitin-2 like Rad60 SUMO-like;PF11976
L19V;Ubiquitin-2 like Rad60 SUMO-like;PF11976
L19W;Ubiquitin-2 like Rad60 SUMO-like;PF11976
L19Y;Ubiquitin-2 like Rad60 SUMO-like;PF11976
K20A;Ubiquitin-2 like Rad60 SUMO-like;PF11976
K20C;Ubiquitin-2 like Rad60 SUMO-like;PF11976
K20D;Ubiquitin-2 like Rad60 SUMO-like;PF11976
K20E;Ubiquitin-2 like Rad60 SUMO-like;PF11976
K20F;Ubiquitin-2 like Rad60 SUMO-like;PF11976
K20G;Ubiquitin-2 like Rad60 SUMO-like;PF11976
K20H;Ubiquitin-2 like Rad60 SUMO-like;PF11976
K20I;Ubiquitin-2 like Rad60 SUMO-like;PF11976
K20L;Ubiquitin-2 like Rad60 SUMO-like;PF11976
K20M;Ubiquitin-2 like Rad60 SUMO-like;PF11976
K20N;Ubiquitin-2 like Rad60 SUMO-like;PF11976
K20P;Ubiquitin-2 like Rad60 SUMO-like;PF11976
K20Q;Ubiquitin-2 like Rad60 SUMO-like;PF11976
K20R;Ubiquitin-2 like Rad60 SUMO-like;PF11976
K20S;Ubiquitin-2 like Rad60 SUMO-like;PF11976
K20T;Ubiquitin-2 like Rad60 SUMO-like;PF11976
K20V;Ubiquitin-2 like Rad60 SUMO-like;PF11976
K20W;Ubiquitin-2 like Rad60 SUMO-like;PF11976
K20Y;Ubiquitin-2 like Rad60 SUMO-like;PF11976
V21A;Ubiquitin-2 like Rad60 SUMO-like;PF11976
V21C;Ubiquitin-2 like Rad60 SUMO-like;PF11976
V21D;Ubiquitin-2 like Rad60 SUMO-like;PF11976
V21E;Ubiquitin-2 like Rad60 SUMO-like;PF11976
V21F;Ubiquitin-2 like Rad60 SUMO-like;PF11976
V21G;Ubiquitin-2 like Rad60 SUMO-like;PF11976
V21H;Ubiquitin-2 like Rad60 SUMO-like;PF11976
V21I;Ubiquitin-2 like Rad60 SUMO-like;PF11976
V21K;Ubiquitin-2 like Rad60 SUMO-like;PF11976
V21L;Ubiquitin-2 like Rad60 SUMO-like;PF11976
V21M;Ubiquitin-2 like Rad60 SUMO-like;PF11976
V21N;Ubiquitin-2 like Rad60 SUMO-like;PF11976
V21P;Ubiquitin-2 like Rad60 SUMO-like;PF11976
V21Q;Ubiquitin-2 like Rad60 SUMO-like;PF11976
V21R;Ubiquitin-2 like Rad60 SUMO-like;PF11976
V21S;Ubiquitin-2 like Rad60 SUMO-like;PF11976
V21T;Ubiquitin-2 like Rad60 SUMO-like;PF11976
V21W;Ubiquitin-2 like Rad60 SUMO-like;PF11976
V21Y;Ubiquitin-2 like Rad60 SUMO-like;PF11976
A22C;Ubiquitin-2 like Rad60 SUMO-like;PF11976
A22D;Ubiquitin-2 like Rad60 SUMO-like;PF11976
A22E;Ubiquitin-2 like Rad60 SUMO-like;PF11976
A22F;Ubiquitin-2 like Rad60 SUMO-like;PF11976
A22G;Ubiquitin-2 like Rad60 SUMO-like;PF11976
A22H;Ubiquitin-2 like Rad60 SUMO-like;PF11976
A22I;Ubiquitin-2 like Rad60 SUMO-like;PF11976
A22K;Ubiquitin-2 like Rad60 SUMO-like;PF11976
A22L;Ubiquitin-2 like Rad60 SUMO-like;PF11976
A22M;Ubiquitin-2 like Rad60 SUMO-like;PF11976
A22N;Ubiquitin-2 like Rad60 SUMO-like;PF11976
A22P;Ubiquitin-2 like Rad60 SUMO-like;PF11976
A22Q;Ubiquitin-2 like Rad60 SUMO-like;PF11976
A22R;Ubiquitin-2 like Rad60 SUMO-like;PF11976
A22S;Ubiquitin-2 like Rad60 SUMO-like;PF11976
A22T;Ubiquitin-2 like Rad60 SUMO-like;PF11976
A22V;Ubiquitin-2 like Rad60 SUMO-like;PF11976
A22W;Ubiquitin-2 like Rad60 SUMO-like;PF11976
A22Y;Ubiquitin-2 like Rad60 SUMO-like;PF11976
G23A;Ubiquitin-2 like Rad60 SUMO-like;PF11976
G23C;Ubiquitin-2 like Rad60 SUMO-like;PF11976
G23D;Ubiquitin-2 like Rad60 SUMO-like;PF11976
G23E;Ubiquitin-2 like Rad60 SUMO-like;PF11976
G23F;Ubiquitin-2 like Rad60 SUMO-like;PF11976
G23H;Ubiquitin-2 like Rad60 SUMO-like;PF11976
G23I;Ubiquitin-2 like Rad60 SUMO-like;PF11976
G23K;Ubiquitin-2 like Rad60 SUMO-like;PF11976
G23L;Ubiquitin-2 like Rad60 SUMO-like;PF11976
G23M;Ubiquitin-2 like Rad60 SUMO-like;PF11976
G23N;Ubiquitin-2 like Rad60 SUMO-like;PF11976
G23P;Ubiquitin-2 like Rad60 SUMO-like;PF11976
G23Q;Ubiquitin-2 like Rad60 SUMO-like;PF11976
G23R;Ubiquitin-2 like Rad60 SUMO-like;PF11976
G23S;Ubiquitin-2 like Rad60 SUMO-like;PF11976
G23T;Ubiquitin-2 like Rad60 SUMO-like;PF11976
G23V;Ubiquitin-2 like Rad60 SUMO-like;PF11976
G23W;Ubiquitin-2 like Rad60 SUMO-like;PF11976
G23Y;Ubiquitin-2 like Rad60 SUMO-like;PF11976
Q24A;Ubiquitin-2 like Rad60 SUMO-like;PF11976
Q24C;Ubiquitin-2 like Rad60 SUMO-like;PF11976
Q24D;Ubiquitin-2 like Rad60 SUMO-like;PF11976
Q24E;Ubiquitin-2 like Rad60 SUMO-like;PF11976
Q24F;Ubiquitin-2 like Rad60 SUMO-like;PF11976
Q24G;Ubiquitin-2 like Rad60 SUMO-like;PF11976
Q24H;Ubiquitin-2 like Rad60 SUMO-like;PF11976
Q24I;Ubiquitin-2 like Rad60 SUMO-like;PF11976
Q24K;Ubiquitin-2 like Rad60 SUMO-like;PF11976
Q24L;Ubiquitin-2 like Rad60 SUMO-like;PF11976
Q24M;Ubiquitin-2 like Rad60 SUMO-like;PF11976
Q24N;Ubiquitin-2 like Rad60 SUMO-like;PF11976
Q24P;Ubiquitin-2 like Rad60 SUMO-like;PF11976
Q24R;Ubiquitin-2 like Rad60 SUMO-like;PF11976
Q24S;Ubiquitin-2 like Rad60 SUMO-like;PF11976
Q24T;Ubiquitin-2 like Rad60 SUMO-like;PF11976
Q24V;Ubiquitin-2 like Rad60 SUMO-like;PF11976
Q24W;Ubiquitin-2 like Rad60 SUMO-like;PF11976
Q24Y;Ubiquitin-2 like Rad60 SUMO-like;PF11976
D25A;Ubiquitin-2 like Rad60 SUMO-like;PF11976
D25C;Ubiquitin-2 like Rad60 SUMO-like;PF11976
D25E;Ubiquitin-2 like Rad60 SUMO-like;PF11976
D25F;Ubiquitin-2 like Rad60 SUMO-like;PF11976
D25G;Ubiquitin-2 like Rad60 SUMO-like;PF11976
D25H;Ubiquitin-2 like Rad60 SUMO-like;PF11976
D25I;Ubiquitin-2 like Rad60 SUMO-like;PF11976
D25K;Ubiquitin-2 like Rad60 SUMO-like;PF11976
D25L;Ubiquitin-2 like Rad60 SUMO-like;PF11976
D25M;Ubiquitin-2 like Rad60 SUMO-like;PF11976
D25N;Ubiquitin-2 like Rad60 SUMO-like;PF11976
D25P;Ubiquitin-2 like Rad60 SUMO-like;PF11976
D25Q;Ubiquitin-2 like Rad60 SUMO-like;PF11976
D25R;Ubiquitin-2 like Rad60 SUMO-like;PF11976
D25S;Ubiquitin-2 like Rad60 SUMO-like;PF11976
D25T;Ubiquitin-2 like Rad60 SUMO-like;PF11976
D25V;Ubiquitin-2 like Rad60 SUMO-like;PF11976
D25W;Ubiquitin-2 like Rad60 SUMO-like;PF11976
D25Y;Ubiquitin-2 like Rad60 SUMO-like;PF11976
G26A;Ubiquitin-2 like Rad60 SUMO-like;PF11976
G26C;Ubiquitin-2 like Rad60 SUMO-like;PF11976
G26D;Ubiquitin-2 like Rad60 SUMO-like;PF11976
G26E;Ubiquitin-2 like Rad60 SUMO-like;PF11976
G26F;Ubiquitin-2 like Rad60 SUMO-like;PF11976
G26H;Ubiquitin-2 like Rad60 SUMO-like;PF11976
G26I;Ubiquitin-2 like Rad60 SUMO-like;PF11976
G26K;Ubiquitin-2 like Rad60 SUMO-like;PF11976
G26L;Ubiquitin-2 like Rad60 SUMO-like;PF11976
G26M;Ubiquitin-2 like Rad60 SUMO-like;PF11976
G26N;Ubiquitin-2 like Rad60 SUMO-like;PF11976
G26P;Ubiquitin-2 like Rad60 SUMO-like;PF11976
G26Q;Ubiquitin-2 like Rad60 SUMO-like;PF11976
G26R;Ubiquitin-2 like Rad60 SUMO-like;PF11976
G26S;Ubiquitin-2 like Rad60 SUMO-like;PF11976
G26T;Ubiquitin-2 like Rad60 SUMO-like;PF11976
G26V;Ubiquitin-2 like Rad60 SUMO-like;PF11976
G26W;Ubiquitin-2 like Rad60 SUMO-like;PF11976
G26Y;Ubiquitin-2 like Rad60 SUMO-like;PF11976
S27A;Ubiquitin-2 like Rad60 SUMO-like;PF11976
S27C;Ubiquitin-2 like Rad60 SUMO-like;PF11976
S27D;Ubiquitin-2 like Rad60 SUMO-like;PF11976
S27E;Ubiquitin-2 like Rad60 SUMO-like;PF11976
S27F;Ubiquitin-2 like Rad60 SUMO-like;PF11976
S27G;Ubiquitin-2 like Rad60 SUMO-like;PF11976
S27H;Ubiquitin-2 like Rad60 SUMO-like;PF11976
S27I;Ubiquitin-2 like Rad60 SUMO-like;PF11976
S27K;Ubiquitin-2 like Rad60 SUMO-like;PF11976
S27L;Ubiquitin-2 like Rad60 SUMO-like;PF11976
S27M;Ubiquitin-2 like Rad60 SUMO-like;PF11976
S27N;Ubiquitin-2 like Rad60 SUMO-like;PF11976
S27P;Ubiquitin-2 like Rad60 SUMO-like;PF11976
S27Q;Ubiquitin-2 like Rad60 SUMO-like;PF11976
S27R;Ubiquitin-2 like Rad60 SUMO-like;PF11976
S27T;Ubiquitin-2 like Rad60 SUMO-like;PF11976
S27V;Ubiquitin-2 like Rad60 SUMO-like;PF11976
S27W;Ubiquitin-2 like Rad60 SUMO-like;PF11976
S27Y;Ubiquitin-2 like Rad60 SUMO-like;PF11976
V28A;Ubiquitin-2 like Rad60 SUMO-like;PF11976
V28C;Ubiquitin-2 like Rad60 SUMO-like;PF11976
V28D;Ubiquitin-2 like Rad60 SUMO-like;PF11976
V28E;Ubiquitin-2 like Rad60 SUMO-like;PF11976
V28F;Ubiquitin-2 like Rad60 SUMO-like;PF11976
V28G;Ubiquitin-2 like Rad60 SUMO-like;PF11976
V28H;Ubiquitin-2 like Rad60 SUMO-like;PF11976
V28I;Ubiquitin-2 like Rad60 SUMO-like;PF11976
V28K;Ubiquitin-2 like Rad60 SUMO-like;PF11976
V28L;Ubiquitin-2 like Rad60 SUMO-like;PF11976
V28M;Ubiquitin-2 like Rad60 SUMO-like;PF11976
V28N;Ubiquitin-2 like Rad60 SUMO-like;PF11976
V28P;Ubiquitin-2 like Rad60 SUMO-like;PF11976
V28Q;Ubiquitin-2 like Rad60 SUMO-like;PF11976
V28R;Ubiquitin-2 like Rad60 SUMO-like;PF11976
V28S;Ubiquitin-2 like Rad60 SUMO-like;PF11976
V28T;Ubiquitin-2 like Rad60 SUMO-like;PF11976
V28W;Ubiquitin-2 like Rad60 SUMO-like;PF11976
V28Y;Ubiquitin-2 like Rad60 SUMO-like;PF11976
V29A;Ubiquitin-2 like Rad60 SUMO-like;PF11976
V29C;Ubiquitin-2 like Rad60 SUMO-like;PF11976
V29D;Ubiquitin-2 like Rad60 SUMO-like;PF11976
V29E;Ubiquitin-2 like Rad60 SUMO-like;PF11976
V29F;Ubiquitin-2 like Rad60 SUMO-like;PF11976
V29G;Ubiquitin-2 like Rad60 SUMO-like;PF11976
V29H;Ubiquitin-2 like Rad60 SUMO-like;PF11976
V29I;Ubiquitin-2 like Rad60 SUMO-like;PF11976
V29K;Ubiquitin-2 like Rad60 SUMO-like;PF11976
V29L;Ubiquitin-2 like Rad60 SUMO-like;PF11976
V29M;Ubiquitin-2 like Rad60 SUMO-like;PF11976
V29N;Ubiquitin-2 like Rad60 SUMO-like;PF11976
V29P;Ubiquitin-2 like Rad60 SUMO-like;PF11976
V29Q;Ubiquitin-2 like Rad60 SUMO-like;PF11976
V29R;Ubiquitin-2 like Rad60 SUMO-like;PF11976
V29S;Ubiquitin-2 like Rad60 SUMO-like;PF11976
V29T;Ubiquitin-2 like Rad60 SUMO-like;PF11976
V29W;Ubiquitin-2 like Rad60 SUMO-like;PF11976
V29Y;Ubiquitin-2 like Rad60 SUMO-like;PF11976
Q30A;Ubiquitin-2 like Rad60 SUMO-like;PF11976
Q30C;Ubiquitin-2 like Rad60 SUMO-like;PF11976
Q30D;Ubiquitin-2 like Rad60 SUMO-like;PF11976
Q30E;Ubiquitin-2 like Rad60 SUMO-like;PF11976
Q30F;Ubiquitin-2 like Rad60 SUMO-like;PF11976
Q30G;Ubiquitin-2 like Rad60 SUMO-like;PF11976
Q30H;Ubiquitin-2 like Rad60 SUMO-like;PF11976
Q30I;Ubiquitin-2 like Rad60 SUMO-like;PF11976
Q30K;Ubiquitin-2 like Rad60 SUMO-like;PF11976
Q30L;Ubiquitin-2 like Rad60 SUMO-like;PF11976
Q30M;Ubiquitin-2 like Rad60 SUMO-like;PF11976
Q30N;Ubiquitin-2 like Rad60 SUMO-like;PF11976
Q30P;Ubiquitin-2 like Rad60 SUMO-like;PF11976
Q30R;Ubiquitin-2 like Rad60 SUMO-like;PF11976
Q30S;Ubiquitin-2 like Rad60 SUMO-like;PF11976
Q30T;Ubiquitin-2 like Rad60 SUMO-like;PF11976
Q30V;Ubiquitin-2 like Rad60 SUMO-like;PF11976
Q30W;Ubiquitin-2 like Rad60 SUMO-like;PF11976
Q30Y;Ubiquitin-2 like Rad60 SUMO-like;PF11976
F31A;Ubiquitin-2 like Rad60 SUMO-like;PF11976
F31C;Ubiquitin-2 like Rad60 SUMO-like;PF11976
F31D;Ubiquitin-2 like Rad60 SUMO-like;PF11976
F31E;Ubiquitin-2 like Rad60 SUMO-like;PF11976
F31G;Ubiquitin-2 like Rad60 SUMO-like;PF11976
F31H;Ubiquitin-2 like Rad60 SUMO-like;PF11976
F31I;Ubiquitin-2 like Rad60 SUMO-like;PF11976
F31K;Ubiquitin-2 like Rad60 SUMO-like;PF11976
F31L;Ubiquitin-2 like Rad60 SUMO-like;PF11976
F31M;Ubiquitin-2 like Rad60 SUMO-like;PF11976
F31N;Ubiquitin-2 like Rad60 SUMO-like;PF11976
F31P;Ubiquitin-2 like Rad60 SUMO-like;PF11976
F31Q;Ubiquitin-2 like Rad60 SUMO-like;PF11976
F31R;Ubiquitin-2 like Rad60 SUMO-like;PF11976
F31S;Ubiquitin-2 like Rad60 SUMO-like;PF11976
F31T;Ubiquitin-2 like Rad60 SUMO-like;PF11976
F31V;Ubiquitin-2 like Rad60 SUMO-like;PF11976
F31W;Ubiquitin-2 like Rad60 SUMO-like;PF11976
F31Y;Ubiquitin-2 like Rad60 SUMO-like;PF11976
K32A;Ubiquitin-2 like Rad60 SUMO-like;PF11976
K32C;Ubiquitin-2 like Rad60 SUMO-like;PF11976
K32D;Ubiquitin-2 like Rad60 SUMO-like;PF11976
K32E;Ubiquitin-2 like Rad60 SUMO-like;PF11976
K32F;Ubiquitin-2 like Rad60 SUMO-like;PF11976
K32G;Ubiquitin-2 like Rad60 SUMO-like;PF11976
K32H;Ubiquitin-2 like Rad60 SUMO-like;PF11976
K32I;Ubiquitin-2 like Rad60 SUMO-like;PF11976
K32L;Ubiquitin-2 like Rad60 SUMO-like;PF11976
K32M;Ubiquitin-2 like Rad60 SUMO-like;PF11976
K32N;Ubiquitin-2 like Rad60 SUMO-like;PF11976
K32P;Ubiquitin-2 like Rad60 SUMO-like;PF11976
K32Q;Ubiquitin-2 like Rad60 SUMO-like;PF11976
K32R;Ubiquitin-2 like Rad60 SUMO-like;PF11976
K32S;Ubiquitin-2 like Rad60 SUMO-like;PF11976
K32T;Ubiquitin-2 like Rad60 SUMO-like;PF11976
K32V;Ubiquitin-2 like Rad60 SUMO-like;PF11976
K32W;Ubiquitin-2 like Rad60 SUMO-like;PF11976
K32Y;Ubiquitin-2 like Rad60 SUMO-like;PF11976
I33A;Ubiquitin-2 like Rad60 SUMO-like;PF11976
I33C;Ubiquitin-2 like Rad60 SUMO-like;PF11976
I33D;Ubiquitin-2 like Rad60 SUMO-like;PF11976
I33E;Ubiquitin-2 like Rad60 SUMO-like;PF11976
I33F;Ubiquitin-2 like Rad60 SUMO-like;PF11976
I33G;Ubiquitin-2 like Rad60 SUMO-like;PF11976
I33H;Ubiquitin-2 like Rad60 SUMO-like;PF11976
I33K;Ubiquitin-2 like Rad60 SUMO-like;PF11976
I33L;Ubiquitin-2 like Rad60 SUMO-like;PF11976
I33M;Ubiquitin-2 like Rad60 SUMO-like;PF11976
I33N;Ubiquitin-2 like Rad60 SUMO-like;PF11976
I33P;Ubiquitin-2 like Rad60 SUMO-like;PF11976
I33Q;Ubiquitin-2 like Rad60 SUMO-like;PF11976
I33R;Ubiquitin-2 like Rad60 SUMO-like;PF11976
I33S;Ubiquitin-2 like Rad60 SUMO-like;PF11976
I33T;Ubiquitin-2 like Rad60 SUMO-like;PF11976
I33V;Ubiquitin-2 like Rad60 SUMO-like;PF11976
I33W;Ubiquitin-2 like Rad60 SUMO-like;PF11976
I33Y;Ubiquitin-2 like Rad60 SUMO-like;PF11976
K34A;Ubiquitin-2 like Rad60 SUMO-like;PF11976
K34C;Ubiquitin-2 like Rad60 SUMO-like;PF11976
K34D;Ubiquitin-2 like Rad60 SUMO-like;PF11976
K34E;Ubiquitin-2 like Rad60 SUMO-like;PF11976
K34F;Ubiquitin-2 like Rad60 SUMO-like;PF11976
K34G;Ubiquitin-2 like Rad60 SUMO-like;PF11976
K34H;Ubiquitin-2 like Rad60 SUMO-like;PF11976
K34I;Ubiquitin-2 like Rad60 SUMO-like;PF11976
K34L;Ubiquitin-2 like Rad60 SUMO-like;PF11976
K34M;Ubiquitin-2 like Rad60 SUMO-like;PF11976
K34N;Ubiquitin-2 like Rad60 SUMO-like;PF11976
K34P;Ubiquitin-2 like Rad60 SUMO-like;PF11976
K34Q;Ubiquitin-2 like Rad60 SUMO-like;PF11976
K34R;Ubiquitin-2 like Rad60 SUMO-like;PF11976
K34S;Ubiquitin-2 like Rad60 SUMO-like;PF11976
K34T;Ubiquitin-2 like Rad60 SUMO-like;PF11976
K34V;Ubiquitin-2 like Rad60 SUMO-like;PF11976
K34W;Ubiquitin-2 like Rad60 SUMO-like;PF11976
K34Y;Ubiquitin-2 like Rad60 SUMO-like;PF11976
R35A;Ubiquitin-2 like Rad60 SUMO-like;PF11976
R35C;Ubiquitin-2 like Rad60 SUMO-like;PF11976
R35D;Ubiquitin-2 like Rad60 SUMO-like;PF11976
R35E;Ubiquitin-2 like Rad60 SUMO-like;PF11976
R35F;Ubiquitin-2 like Rad60 SUMO-like;PF11976
R35G;Ubiquitin-2 like Rad60 SUMO-like;PF11976
R35H;Ubiquitin-2 like Rad60 SUMO-like;PF11976
R35I;Ubiquitin-2 like Rad60 SUMO-like;PF11976
R35K;Ubiquitin-2 like Rad60 SUMO-like;PF11976
R35L;Ubiquitin-2 like Rad60 SUMO-like;PF11976
R35M;Ubiquitin-2 like Rad60 SUMO-like;PF11976
R35N;Ubiquitin-2 like Rad60 SUMO-like;PF11976
R35P;Ubiquitin-2 like Rad60 SUMO-like;PF11976
R35Q;Ubiquitin-2 like Rad60 SUMO-like;PF11976
R35S;Ubiquitin-2 like Rad60 SUMO-like;PF11976
R35T;Ubiquitin-2 like Rad60 SUMO-like;PF11976
R35V;Ubiquitin-2 like Rad60 SUMO-like;PF11976
R35W;Ubiquitin-2 like Rad60 SUMO-like;PF11976
R35Y;Ubiquitin-2 like Rad60 SUMO-like;PF11976
H36A;Ubiquitin-2 like Rad60 SUMO-like;PF11976
H36C;Ubiquitin-2 like Rad60 SUMO-like;PF11976
H36D;Ubiquitin-2 like Rad60 SUMO-like;PF11976
H36E;Ubiquitin-2 like Rad60 SUMO-like;PF11976
H36F;Ubiquitin-2 like Rad60 SUMO-like;PF11976
H36G;Ubiquitin-2 like Rad60 SUMO-like;PF11976
H36I;Ubiquitin-2 like Rad60 SUMO-like;PF11976
H36K;Ubiquitin-2 like Rad60 SUMO-like;PF11976
H36L;Ubiquitin-2 like Rad60 SUMO-like;PF11976
H36M;Ubiquitin-2 like Rad60 SUMO-like;PF11976
H36N;Ubiquitin-2 like Rad60 SUMO-like;PF11976
H36P;Ubiquitin-2 like Rad60 SUMO-like;PF11976
H36Q;Ubiquitin-2 like Rad60 SUMO-like;PF11976
H36R;Ubiquitin-2 like Rad60 SUMO-like;PF11976
H36S;Ubiquitin-2 like Rad60 SUMO-like;PF11976
H36T;Ubiquitin-2 like Rad60 SUMO-like;PF11976
H36V;Ubiquitin-2 like Rad60 SUMO-like;PF11976
H36W;Ubiquitin-2 like Rad60 SUMO-like;PF11976
H36Y;Ubiquitin-2 like Rad60 SUMO-like;PF11976
T37A;Ubiquitin-2 like Rad60 SUMO-like;PF11976
T37C;Ubiquitin-2 like Rad60 SUMO-like;PF11976
T37D;Ubiquitin-2 like Rad60 SUMO-like;PF11976
T37E;Ubiquitin-2 like Rad60 SUMO-like;PF11976
T37F;Ubiquitin-2 like Rad60 SUMO-like;PF11976
T37G;Ubiquitin-2 like Rad60 SUMO-like;PF11976
T37H;Ubiquitin-2 like Rad60 SUMO-like;PF11976
T37I;Ubiquitin-2 like Rad60 SUMO-like;PF11976
T37K;Ubiquitin-2 like Rad60 SUMO-like;PF11976
T37L;Ubiquitin-2 like Rad60 SUMO-like;PF11976
T37M;Ubiquitin-2 like Rad60 SUMO-like;PF11976
T37N;Ubiquitin-2 like Rad60 SUMO-like;PF11976
T37P;Ubiquitin-2 like Rad60 SUMO-like;PF11976
T37Q;Ubiquitin-2 like Rad60 SUMO-like;PF11976
T37R;Ubiquitin-2 like Rad60 SUMO-like;PF11976
T37S;Ubiquitin-2 like Rad60 SUMO-like;PF11976
T37V;Ubiquitin-2 like Rad60 SUMO-like;PF11976
T37W;Ubiquitin-2 like Rad60 SUMO-like;PF11976
T37Y;Ubiquitin-2 like Rad60 SUMO-like;PF11976
P38A;Ubiquitin-2 like Rad60 SUMO-like;PF11976
P38C;Ubiquitin-2 like Rad60 SUMO-like;PF11976
P38D;Ubiquitin-2 like Rad60 SUMO-like;PF11976
P38E;Ubiquitin-2 like Rad60 SUMO-like;PF11976
P38F;Ubiquitin-2 like Rad60 SUMO-like;PF11976
P38G;Ubiquitin-2 like Rad60 SUMO-like;PF11976
P38H;Ubiquitin-2 like Rad60 SUMO-like;PF11976
P38I;Ubiquitin-2 like Rad60 SUMO-like;PF11976
P38K;Ubiquitin-2 like Rad60 SUMO-like;PF11976
P38L;Ubiquitin-2 like Rad60 SUMO-like;PF11976
P38M;Ubiquitin-2 like Rad60 SUMO-like;PF11976
P38N;Ubiquitin-2 like Rad60 SUMO-like;PF11976
P38Q;Ubiquitin-2 like Rad60 SUMO-like;PF11976
P38R;Ubiquitin-2 like Rad60 SUMO-like;PF11976
P38S;Ubiquitin-2 like Rad60 SUMO-like;PF11976
P38T;Ubiquitin-2 like Rad60 SUMO-like;PF11976
P38V;Ubiquitin-2 like Rad60 SUMO-like;PF11976
P38W;Ubiquitin-2 like Rad60 SUMO-like;PF11976
P38Y;Ubiquitin-2 like Rad60 SUMO-like;PF11976
L39A;Ubiquitin-2 like Rad60 SUMO-like;PF11976
L39C;Ubiquitin-2 like Rad60 SUMO-like;PF11976
L39D;Ubiquitin-2 like Rad60 SUMO-like;PF11976
L39E;Ubiquitin-2 like Rad60 SUMO-like;PF11976
L39F;Ubiquitin-2 like Rad60 SUMO-like;PF11976
L39G;Ubiquitin-2 like Rad60 SUMO-like;PF11976
L39H;Ubiquitin-2 like Rad60 SUMO-like;PF11976
L39I;Ubiquitin-2 like Rad60 SUMO-like;PF11976
L39K;Ubiquitin-2 like Rad60 SUMO-like;PF11976
L39M;Ubiquitin-2 like Rad60 SUMO-like;PF11976
L39N;Ubiquitin-2 like Rad60 SUMO-like;PF11976
L39P;Ubiquitin-2 like Rad60 SUMO-like;PF11976
L39Q;Ubiquitin-2 like Rad60 SUMO-like;PF11976
L39R;Ubiquitin-2 like Rad60 SUMO-like;PF11976
L39S;Ubiquitin-2 like Rad60 SUMO-like;PF11976
L39T;Ubiquitin-2 like Rad60 SUMO-like;PF11976
L39V;Ubiquitin-2 like Rad60 SUMO-like;PF11976
L39W;Ubiquitin-2 like Rad60 SUMO-like;PF11976
L39Y;Ubiquitin-2 like Rad60 SUMO-like;PF11976
S40A;Ubiquitin-2 like Rad60 SUMO-like;PF11976
S40C;Ubiquitin-2 like Rad60 SUMO-like;PF11976
S40D;Ubiquitin-2 like Rad60 SUMO-like;PF11976
S40E;Ubiquitin-2 like Rad60 SUMO-like;PF11976
S40F;Ubiquitin-2 like Rad60 SUMO-like;PF11976
S40G;Ubiquitin-2 like Rad60 SUMO-like;PF11976
S40H;Ubiquitin-2 like Rad60 SUMO-like;PF11976
S40I;Ubiquitin-2 like Rad60 SUMO-like;PF11976
S40K;Ubiquitin-2 like Rad60 SUMO-like;PF11976
S40L;Ubiquitin-2 like Rad60 SUMO-like;PF11976
S40M;Ubiquitin-2 like Rad60 SUMO-like;PF11976
S40N;Ubiquitin-2 like Rad60 SUMO-like;PF11976
S40P;Ubiquitin-2 like Rad60 SUMO-like;PF11976
S40Q;Ubiquitin-2 like Rad60 SUMO-like;PF11976
S40R;Ubiquitin-2 like Rad60 SUMO-like;PF11976
S40T;Ubiquitin-2 like Rad60 SUMO-like;PF11976
S40V;Ubiquitin-2 like Rad60 SUMO-like;PF11976
S40W;Ubiquitin-2 like Rad60 SUMO-like;PF11976
S40Y;Ubiquitin-2 like Rad60 SUMO-like;PF11976
K41A;Ubiquitin-2 like Rad60 SUMO-like;PF11976
K41C;Ubiquitin-2 like Rad60 SUMO-like;PF11976
K41D;Ubiquitin-2 like Rad60 SUMO-like;PF11976
K41E;Ubiquitin-2 like Rad60 SUMO-like;PF11976
K41F;Ubiquitin-2 like Rad60 SUMO-like;PF11976
K41G;Ubiquitin-2 like Rad60 SUMO-like;PF11976
K41H;Ubiquitin-2 like Rad60 SUMO-like;PF11976
K41I;Ubiquitin-2 like Rad60 SUMO-like;PF11976
K41L;Ubiquitin-2 like Rad60 SUMO-like;PF11976
K41M;Ubiquitin-2 like Rad60 SUMO-like;PF11976
K41N;Ubiquitin-2 like Rad60 SUMO-like;PF11976
K41P;Ubiquitin-2 like Rad60 SUMO-like;PF11976
K41Q;Ubiquitin-2 like Rad60 SUMO-like;PF11976
K41R;Ubiquitin-2 like Rad60 SUMO-like;PF11976
K41S;Ubiquitin-2 like Rad60 SUMO-like;PF11976
K41T;Ubiquitin-2 like Rad60 SUMO-like;PF11976
K41V;Ubiquitin-2 like Rad60 SUMO-like;PF11976
K41W;Ubiquitin-2 like Rad60 SUMO-like;PF11976
K41Y;Ubiquitin-2 like Rad60 SUMO-like;PF11976
L42A;Ubiquitin-2 like Rad60 SUMO-like;PF11976
L42C;Ubiquitin-2 like Rad60 SUMO-like;PF11976
L42D;Ubiquitin-2 like Rad60 SUMO-like;PF11976
L42E;Ubiquitin-2 like Rad60 SUMO-like;PF11976
L42F;Ubiquitin-2 like Rad60 SUMO-like;PF11976
L42G;Ubiquitin-2 like Rad60 SUMO-like;PF11976
L42H;Ubiquitin-2 like Rad60 SUMO-like;PF11976
L42I;Ubiquitin-2 like Rad60 SUMO-like;PF11976
L42K;Ubiquitin-2 like Rad60 SUMO-like;PF11976
L42M;Ubiquitin-2 like Rad60 SUMO-like;PF11976
L42N;Ubiquitin-2 like Rad60 SUMO-like;PF11976
L42P;Ubiquitin-2 like Rad60 SUMO-like;PF11976
L42Q;Ubiquitin-2 like Rad60 SUMO-like;PF11976
L42R;Ubiquitin-2 like Rad60 SUMO-like;PF11976
L42S;Ubiquitin-2 like Rad60 SUMO-like;PF11976
L42T;Ubiquitin-2 like Rad60 SUMO-like;PF11976
L42V;Ubiquitin-2 like Rad60 SUMO-like;PF11976
L42W;Ubiquitin-2 like Rad60 SUMO-like;PF11976
L42Y;Ubiquitin-2 like Rad60 SUMO-like;PF11976
M43A;Ubiquitin-2 like Rad60 SUMO-like;PF11976
M43C;Ubiquitin-2 like Rad60 SUMO-like;PF11976
M43D;Ubiquitin-2 like Rad60 SUMO-like;PF11976
M43E;Ubiquitin-2 like Rad60 SUMO-like;PF11976
M43F;Ubiquitin-2 like Rad60 SUMO-like;PF11976
M43G;Ubiquitin-2 like Rad60 SUMO-like;PF11976
M43H;Ubiquitin-2 like Rad60 SUMO-like;PF11976
M43I;Ubiquitin-2 like Rad60 SUMO-like;PF11976
M43K;Ubiquitin-2 like Rad60 SUMO-like;PF11976
M43L;Ubiquitin-2 like Rad60 SUMO-like;PF11976
M43N;Ubiquitin-2 like Rad60 SUMO-like;PF11976
M43P;Ubiquitin-2 like Rad60 SUMO-like;PF11976
M43Q;Ubiquitin-2 like Rad60 SUMO-like;PF11976
M43R;Ubiquitin-2 like Rad60 SUMO-like;PF11976
M43S;Ubiquitin-2 like Rad60 SUMO-like;PF11976
M43T;Ubiquitin-2 like Rad60 SUMO-like;PF11976
M43V;Ubiquitin-2 like Rad60 SUMO-like;PF11976
M43W;Ubiquitin-2 like Rad60 SUMO-like;PF11976
M43Y;Ubiquitin-2 like Rad60 SUMO-like;PF11976
K44A;Ubiquitin-2 like Rad60 SUMO-like;PF11976
K44C;Ubiquitin-2 like Rad60 SUMO-like;PF11976
K44D;Ubiquitin-2 like Rad60 SUMO-like;PF11976
K44E;Ubiquitin-2 like Rad60 SUMO-like;PF11976
K44F;Ubiquitin-2 like Rad60 SUMO-like;PF11976
K44G;Ubiquitin-2 like Rad60 SUMO-like;PF11976
K44H;Ubiquitin-2 like Rad60 SUMO-like;PF11976
K44I;Ubiquitin-2 like Rad60 SUMO-like;PF11976
K44L;Ubiquitin-2 like Rad60 SUMO-like;PF11976
K44M;Ubiquitin-2 like Rad60 SUMO-like;PF11976
K44N;Ubiquitin-2 like Rad60 SUMO-like;PF11976
K44P;Ubiquitin-2 like Rad60 SUMO-like;PF11976
K44Q;Ubiquitin-2 like Rad60 SUMO-like;PF11976
K44R;Ubiquitin-2 like Rad60 SUMO-like;PF11976
K44S;Ubiquitin-2 like Rad60 SUMO-like;PF11976
K44T;Ubiquitin-2 like Rad60 SUMO-like;PF11976
K44V;Ubiquitin-2 like Rad60 SUMO-like;PF11976
K44W;Ubiquitin-2 like Rad60 SUMO-like;PF11976
K44Y;Ubiquitin-2 like Rad60 SUMO-like;PF11976
A45C;Ubiquitin-2 like Rad60 SUMO-like;PF11976
A45D;Ubiquitin-2 like Rad60 SUMO-like;PF11976
A45E;Ubiquitin-2 like Rad60 SUMO-like;PF11976
A45F;Ubiquitin-2 like Rad60 SUMO-like;PF11976
A45G;Ubiquitin-2 like Rad60 SUMO-like;PF11976
A45H;Ubiquitin-2 like Rad60 SUMO-like;PF11976
A45I;Ubiquitin-2 like Rad60 SUMO-like;PF11976
A45K;Ubiquitin-2 like Rad60 SUMO-like;PF11976
A45L;Ubiquitin-2 like Rad60 SUMO-like;PF11976
A45M;Ubiquitin-2 like Rad60 SUMO-like;PF11976
A45N;Ubiquitin-2 like Rad60 SUMO-like;PF11976
A45P;Ubiquitin-2 like Rad60 SUMO-like;PF11976
A45Q;Ubiquitin-2 like Rad60 SUMO-like;PF11976
A45R;Ubiquitin-2 like Rad60 SUMO-like;PF11976
A45S;Ubiquitin-2 like Rad60 SUMO-like;PF11976
A45T;Ubiquitin-2 like Rad60 SUMO-like;PF11976
A45V;Ubiquitin-2 like Rad60 SUMO-like;PF11976
A45W;Ubiquitin-2 like Rad60 SUMO-like;PF11976
A45Y;Ubiquitin-2 like Rad60 SUMO-like;PF11976
Y46A;Ubiquitin-2 like Rad60 SUMO-like;PF11976
Y46C;Ubiquitin-2 like Rad60 SUMO-like;PF11976
Y46D;Ubiquitin-2 like Rad60 SUMO-like;PF11976
Y46E;Ubiquitin-2 like Rad60 SUMO-like;PF11976
Y46F;Ubiquitin-2 like Rad60 SUMO-like;PF11976
Y46G;Ubiquitin-2 like Rad60 SUMO-like;PF11976
Y46H;Ubiquitin-2 like Rad60 SUMO-like;PF11976
Y46I;Ubiquitin-2 like Rad60 SUMO-like;PF11976
Y46K;Ubiquitin-2 like Rad60 SUMO-like;PF11976
Y46L;Ubiquitin-2 like Rad60 SUMO-like;PF11976
Y46M;Ubiquitin-2 like Rad60 SUMO-like;PF11976
Y46N;Ubiquitin-2 like Rad60 SUMO-like;PF11976
Y46P;Ubiquitin-2 like Rad60 SUMO-like;PF11976
Y46Q;Ubiquitin-2 like Rad60 SUMO-like;PF11976
Y46R;Ubiquitin-2 like Rad60 SUMO-like;PF11976
Y46S;Ubiquitin-2 like Rad60 SUMO-like;PF11976
Y46T;Ubiquitin-2 like Rad60 SUMO-like;PF11976
Y46V;Ubiquitin-2 like Rad60 SUMO-like;PF11976
Y46W;Ubiquitin-2 like Rad60 SUMO-like;PF11976
C47A;Ubiquitin-2 like Rad60 SUMO-like;PF11976
C47D;Ubiquitin-2 like Rad60 SUMO-like;PF11976
C47E;Ubiquitin-2 like Rad60 SUMO-like;PF11976
C47F;Ubiquitin-2 like Rad60 SUMO-like;PF11976
C47G;Ubiquitin-2 like Rad60 SUMO-like;PF11976
C47H;Ubiquitin-2 like Rad60 SUMO-like;PF11976
C47I;Ubiquitin-2 like Rad60 SUMO-like;PF11976
C47K;Ubiquitin-2 like Rad60 SUMO-like;PF11976
C47L;Ubiquitin-2 like Rad60 SUMO-like;PF11976
C47M;Ubiquitin-2 like Rad60 SUMO-like;PF11976
C47N;Ubiquitin-2 like Rad60 SUMO-like;PF11976
C47P;Ubiquitin-2 like Rad60 SUMO-like;PF11976
C47Q;Ubiquitin-2 like Rad60 SUMO-like;PF11976
C47R;Ubiquitin-2 like Rad60 SUMO-like;PF11976
C47S;Ubiquitin-2 like Rad60 SUMO-like;PF11976
C47T;Ubiquitin-2 like Rad60 SUMO-like;PF11976
C47V;Ubiquitin-2 like Rad60 SUMO-like;PF11976
C47W;Ubiquitin-2 like Rad60 SUMO-like;PF11976
C47Y;Ubiquitin-2 like Rad60 SUMO-like;PF11976
E48A;Ubiquitin-2 like Rad60 SUMO-like;PF11976
E48C;Ubiquitin-2 like Rad60 SUMO-like;PF11976
E48D;Ubiquitin-2 like Rad60 SUMO-like;PF11976
E48F;Ubiquitin-2 like Rad60 SUMO-like;PF11976
E48G;Ubiquitin-2 like Rad60 SUMO-like;PF11976
E48H;Ubiquitin-2 like Rad60 SUMO-like;PF11976
E48I;Ubiquitin-2 like Rad60 SUMO-like;PF11976
E48K;Ubiquitin-2 like Rad60 SUMO-like;PF11976
E48L;Ubiquitin-2 like Rad60 SUMO-like;PF11976
E48M;Ubiquitin-2 like Rad60 SUMO-like;PF11976
E48N;Ubiquitin-2 like Rad60 SUMO-like;PF11976
E48P;Ubiquitin-2 like Rad60 SUMO-like;PF11976
E48Q;Ubiquitin-2 like Rad60 SUMO-like;PF11976
E48R;Ubiquitin-2 like Rad60 SUMO-like;PF11976
E48S;Ubiquitin-2 like Rad60 SUMO-like;PF11976
E48T;Ubiquitin-2 like Rad60 SUMO-like;PF11976
E48V;Ubiquitin-2 like Rad60 SUMO-like;PF11976
E48W;Ubiquitin-2 like Rad60 SUMO-like;PF11976
E48Y;Ubiquitin-2 like Rad60 SUMO-like;PF11976
R49A;Ubiquitin-2 like Rad60 SUMO-like;PF11976
R49C;Ubiquitin-2 like Rad60 SUMO-like;PF11976
R49D;Ubiquitin-2 like Rad60 SUMO-like;PF11976
R49E;Ubiquitin-2 like Rad60 SUMO-like;PF11976
R49F;Ubiquitin-2 like Rad60 SUMO-like;PF11976
R49G;Ubiquitin-2 like Rad60 SUMO-like;PF11976
R49H;Ubiquitin-2 like Rad60 SUMO-like;PF11976
R49I;Ubiquitin-2 like Rad60 SUMO-like;PF11976
R49K;Ubiquitin-2 like Rad60 SUMO-like;PF11976
R49L;Ubiquitin-2 like Rad60 SUMO-like;PF11976
R49M;Ubiquitin-2 like Rad60 SUMO-like;PF11976
R49N;Ubiquitin-2 like Rad60 SUMO-like;PF11976
R49P;Ubiquitin-2 like Rad60 SUMO-like;PF11976
R49Q;Ubiquitin-2 like Rad60 SUMO-like;PF11976
R49S;Ubiquitin-2 like Rad60 SUMO-like;PF11976
R49T;Ubiquitin-2 like Rad60 SUMO-like;PF11976
R49V;Ubiquitin-2 like Rad60 SUMO-like;PF11976
R49W;Ubiquitin-2 like Rad60 SUMO-like;PF11976
R49Y;Ubiquitin-2 like Rad60 SUMO-like;PF11976
Q50A;Ubiquitin-2 like Rad60 SUMO-like;PF11976
Q50C;Ubiquitin-2 like Rad60 SUMO-like;PF11976
Q50D;Ubiquitin-2 like Rad60 SUMO-like;PF11976
Q50E;Ubiquitin-2 like Rad60 SUMO-like;PF11976
Q50F;Ubiquitin-2 like Rad60 SUMO-like;PF11976
Q50G;Ubiquitin-2 like Rad60 SUMO-like;PF11976
Q50H;Ubiquitin-2 like Rad60 SUMO-like;PF11976
Q50I;Ubiquitin-2 like Rad60 SUMO-like;PF11976
Q50K;Ubiquitin-2 like Rad60 SUMO-like;PF11976
Q50L;Ubiquitin-2 like Rad60 SUMO-like;PF11976
Q50M;Ubiquitin-2 like Rad60 SUMO-like;PF11976
Q50N;Ubiquitin-2 like Rad60 SUMO-like;PF11976
Q50P;Ubiquitin-2 like Rad60 SUMO-like;PF11976
Q50R;Ubiquitin-2 like Rad60 SUMO-like;PF11976
Q50S;Ubiquitin-2 like Rad60 SUMO-like;PF11976
Q50T;Ubiquitin-2 like Rad60 SUMO-like;PF11976
Q50V;Ubiquitin-2 like Rad60 SUMO-like;PF11976
Q50W;Ubiquitin-2 like Rad60 SUMO-like;PF11976
Q50Y;Ubiquitin-2 like Rad60 SUMO-like;PF11976
G51A;Ubiquitin-2 like Rad60 SUMO-like;PF11976
G51C;Ubiquitin-2 like Rad60 SUMO-like;PF11976
G51D;Ubiquitin-2 like Rad60 SUMO-like;PF11976
G51E;Ubiquitin-2 like Rad60 SUMO-like;PF11976
G51F;Ubiquitin-2 like Rad60 SUMO-like;PF11976
G51H;Ubiquitin-2 like Rad60 SUMO-like;PF11976
G51I;Ubiquitin-2 like Rad60 SUMO-like;PF11976
G51K;Ubiquitin-2 like Rad60 SUMO-like;PF11976
G51L;Ubiquitin-2 like Rad60 SUMO-like;PF11976
G51M;Ubiquitin-2 like Rad60 SUMO-like;PF11976
G51N;Ubiquitin-2 like Rad60 SUMO-like;PF11976
G51P;Ubiquitin-2 like Rad60 SUMO-like;PF11976
G51Q;Ubiquitin-2 like Rad60 SUMO-like;PF11976
G51R;Ubiquitin-2 like Rad60 SUMO-like;PF11976
G51S;Ubiquitin-2 like Rad60 SUMO-like;PF11976
G51T;Ubiquitin-2 like Rad60 SUMO-like;PF11976
G51V;Ubiquitin-2 like Rad60 SUMO-like;PF11976
G51W;Ubiquitin-2 like Rad60 SUMO-like;PF11976
G51Y;Ubiquitin-2 like Rad60 SUMO-like;PF11976
L52A;Ubiquitin-2 like Rad60 SUMO-like;PF11976
L52C;Ubiquitin-2 like Rad60 SUMO-like;PF11976
L52D;Ubiquitin-2 like Rad60 SUMO-like;PF11976
L52E;Ubiquitin-2 like Rad60 SUMO-like;PF11976
L52F;Ubiquitin-2 like Rad60 SUMO-like;PF11976
L52G;Ubiquitin-2 like Rad60 SUMO-like;PF11976
L52H;Ubiquitin-2 like Rad60 SUMO-like;PF11976
L52I;Ubiquitin-2 like Rad60 SUMO-like;PF11976
L52K;Ubiquitin-2 like Rad60 SUMO-like;PF11976
L52M;Ubiquitin-2 like Rad60 SUMO-like;PF11976
L52N;Ubiquitin-2 like Rad60 SUMO-like;PF11976
L52P;Ubiquitin-2 like Rad60 SUMO-like;PF11976
L52Q;Ubiquitin-2 like Rad60 SUMO-like;PF11976
L52R;Ubiquitin-2 like Rad60 SUMO-like;PF11976
L52S;Ubiquitin-2 like Rad60 SUMO-like;PF11976
L52T;Ubiquitin-2 like Rad60 SUMO-like;PF11976
L52V;Ubiquitin-2 like Rad60 SUMO-like;PF11976
L52W;Ubiquitin-2 like Rad60 SUMO-like;PF11976
L52Y;Ubiquitin-2 like Rad60 SUMO-like;PF11976
S53A;Ubiquitin-2 like Rad60 SUMO-like;PF11976
S53C;Ubiquitin-2 like Rad60 SUMO-like;PF11976
S53D;Ubiquitin-2 like Rad60 SUMO-like;PF11976
S53E;Ubiquitin-2 like Rad60 SUMO-like;PF11976
S53F;Ubiquitin-2 like Rad60 SUMO-like;PF11976
S53G;Ubiquitin-2 like Rad60 SUMO-like;PF11976
S53H;Ubiquitin-2 like Rad60 SUMO-like;PF11976
S53I;Ubiquitin-2 like Rad60 SUMO-like;PF11976
S53K;Ubiquitin-2 like Rad60 SUMO-like;PF11976
S53L;Ubiquitin-2 like Rad60 SUMO-like;PF11976
S53M;Ubiquitin-2 like Rad60 SUMO-like;PF11976
S53N;Ubiquitin-2 like Rad60 SUMO-like;PF11976
S53P;Ubiquitin-2 like Rad60 SUMO-like;PF11976
S53Q;Ubiquitin-2 like Rad60 SUMO-like;PF11976
S53R;Ubiquitin-2 like Rad60 SUMO-like;PF11976
S53T;Ubiquitin-2 like Rad60 SUMO-like;PF11976
S53V;Ubiquitin-2 like Rad60 SUMO-like;PF11976
S53W;Ubiquitin-2 like Rad60 SUMO-like;PF11976
S53Y;Ubiquitin-2 like Rad60 SUMO-like;PF11976
M54A;Ubiquitin-2 like Rad60 SUMO-like;PF11976
M54C;Ubiquitin-2 like Rad60 SUMO-like;PF11976
M54D;Ubiquitin-2 like Rad60 SUMO-like;PF11976
M54E;Ubiquitin-2 like Rad60 SUMO-like;PF11976
M54F;Ubiquitin-2 like Rad60 SUMO-like;PF11976
M54G;Ubiquitin-2 like Rad60 SUMO-like;PF11976
M54H;Ubiquitin-2 like Rad60 SUMO-like;PF11976
M54I;Ubiquitin-2 like Rad60 SUMO-like;PF11976
M54K;Ubiquitin-2 like Rad60 SUMO-like;PF11976
M54L;Ubiquitin-2 like Rad60 SUMO-like;PF11976
M54N;Ubiquitin-2 like Rad60 SUMO-like;PF11976
M54P;Ubiquitin-2 like Rad60 SUMO-like;PF11976
M54Q;Ubiquitin-2 like Rad60 SUMO-like;PF11976
M54R;Ubiquitin-2 like Rad60 SUMO-like;PF11976
M54S;Ubiquitin-2 like Rad60 SUMO-like;PF11976
M54T;Ubiquitin-2 like Rad60 SUMO-like;PF11976
M54V;Ubiquitin-2 like Rad60 SUMO-like;PF11976
M54W;Ubiquitin-2 like Rad60 SUMO-like;PF11976
M54Y;Ubiquitin-2 like Rad60 SUMO-like;PF11976
R55A;Ubiquitin-2 like Rad60 SUMO-like;PF11976
R55C;Ubiquitin-2 like Rad60 SUMO-like;PF11976
R55D;Ubiquitin-2 like Rad60 SUMO-like;PF11976
R55E;Ubiquitin-2 like Rad60 SUMO-like;PF11976
R55F;Ubiquitin-2 like Rad60 SUMO-like;PF11976
R55G;Ubiquitin-2 like Rad60 SUMO-like;PF11976
R55H;Ubiquitin-2 like Rad60 SUMO-like;PF11976
R55I;Ubiquitin-2 like Rad60 SUMO-like;PF11976
R55K;Ubiquitin-2 like Rad60 SUMO-like;PF11976
R55L;Ubiquitin-2 like Rad60 SUMO-like;PF11976
R55M;Ubiquitin-2 like Rad60 SUMO-like;PF11976
R55N;Ubiquitin-2 like Rad60 SUMO-like;PF11976
R55P;Ubiquitin-2 like Rad60 SUMO-like;PF11976
R55Q;Ubiquitin-2 like Rad60 SUMO-like;PF11976
R55S;Ubiquitin-2 like Rad60 SUMO-like;PF11976
R55T;Ubiquitin-2 like Rad60 SUMO-like;PF11976
R55V;Ubiquitin-2 like Rad60 SUMO-like;PF11976
R55W;Ubiquitin-2 like Rad60 SUMO-like;PF11976
R55Y;Ubiquitin-2 like Rad60 SUMO-like;PF11976
Q56A;Ubiquitin-2 like Rad60 SUMO-like;PF11976
Q56C;Ubiquitin-2 like Rad60 SUMO-like;PF11976
Q56D;Ubiquitin-2 like Rad60 SUMO-like;PF11976
Q56E;Ubiquitin-2 like Rad60 SUMO-like;PF11976
Q56F;Ubiquitin-2 like Rad60 SUMO-like;PF11976
Q56G;Ubiquitin-2 like Rad60 SUMO-like;PF11976
Q56H;Ubiquitin-2 like Rad60 SUMO-like;PF11976
Q56I;Ubiquitin-2 like Rad60 SUMO-like;PF11976
Q56K;Ubiquitin-2 like Rad60 SUMO-like;PF11976
Q56L;Ubiquitin-2 like Rad60 SUMO-like;PF11976
Q56M;Ubiquitin-2 like Rad60 SUMO-like;PF11976
Q56N;Ubiquitin-2 like Rad60 SUMO-like;PF11976
Q56P;Ubiquitin-2 like Rad60 SUMO-like;PF11976
Q56R;Ubiquitin-2 like Rad60 SUMO-like;PF11976
Q56S;Ubiquitin-2 like Rad60 SUMO-like;PF11976
Q56T;Ubiquitin-2 like Rad60 SUMO-like;PF11976
Q56V;Ubiquitin-2 like Rad60 SUMO-like;PF11976
Q56W;Ubiquitin-2 like Rad60 SUMO-like;PF11976
Q56Y;Ubiquitin-2 like Rad60 SUMO-like;PF11976
I57A;Ubiquitin-2 like Rad60 SUMO-like;PF11976
I57C;Ubiquitin-2 like Rad60 SUMO-like;PF11976
I57D;Ubiquitin-2 like Rad60 SUMO-like;PF11976
I57E;Ubiquitin-2 like Rad60 SUMO-like;PF11976
I57F;Ubiquitin-2 like Rad60 SUMO-like;PF11976
I57G;Ubiquitin-2 like Rad60 SUMO-like;PF11976
I57H;Ubiquitin-2 like Rad60 SUMO-like;PF11976
I57K;Ubiquitin-2 like Rad60 SUMO-like;PF11976
I57L;Ubiquitin-2 like Rad60 SUMO-like;PF11976
I57M;Ubiquitin-2 like Rad60 SUMO-like;PF11976
I57N;Ubiquitin-2 like Rad60 SUMO-like;PF11976
I57P;Ubiquitin-2 like Rad60 SUMO-like;PF11976
I57Q;Ubiquitin-2 like Rad60 SUMO-like;PF11976
I57R;Ubiquitin-2 like Rad60 SUMO-like;PF11976
I57S;Ubiquitin-2 like Rad60 SUMO-like;PF11976
I57T;Ubiquitin-2 like Rad60 SUMO-like;PF11976
I57V;Ubiquitin-2 like Rad60 SUMO-like;PF11976
I57W;Ubiquitin-2 like Rad60 SUMO-like;PF11976
I57Y;Ubiquitin-2 like Rad60 SUMO-like;PF11976
R58A;Ubiquitin-2 like Rad60 SUMO-like;PF11976
R58C;Ubiquitin-2 like Rad60 SUMO-like;PF11976
R58D;Ubiquitin-2 like Rad60 SUMO-like;PF11976
R58E;Ubiquitin-2 like Rad60 SUMO-like;PF11976
R58F;Ubiquitin-2 like Rad60 SUMO-like;PF11976
R58G;Ubiquitin-2 like Rad60 SUMO-like;PF11976
R58H;Ubiquitin-2 like Rad60 SUMO-like;PF11976
R58I;Ubiquitin-2 like Rad60 SUMO-like;PF11976
R58K;Ubiquitin-2 like Rad60 SUMO-like;PF11976
R58L;Ubiquitin-2 like Rad60 SUMO-like;PF11976
R58M;Ubiquitin-2 like Rad60 SUMO-like;PF11976
R58N;Ubiquitin-2 like Rad60 SUMO-like;PF11976
R58P;Ubiquitin-2 like Rad60 SUMO-like;PF11976
R58Q;Ubiquitin-2 like Rad60 SUMO-like;PF11976
R58S;Ubiquitin-2 like Rad60 SUMO-like;PF11976
R58T;Ubiquitin-2 like Rad60 SUMO-like;PF11976
R58V;Ubiquitin-2 like Rad60 SUMO-like;PF11976
R58W;Ubiquitin-2 like Rad60 SUMO-like;PF11976
R58Y;Ubiquitin-2 like Rad60 SUMO-like;PF11976
F59A;Ubiquitin-2 like Rad60 SUMO-like;PF11976
F59C;Ubiquitin-2 like Rad60 SUMO-like;PF11976
F59D;Ubiquitin-2 like Rad60 SUMO-like;PF11976
F59E;Ubiquitin-2 like Rad60 SUMO-like;PF11976
F59G;Ubiquitin-2 like Rad60 SUMO-like;PF11976
F59H;Ubiquitin-2 like Rad60 SUMO-like;PF11976
F59I;Ubiquitin-2 like Rad60 SUMO-like;PF11976
F59K;Ubiquitin-2 like Rad60 SUMO-like;PF11976
F59L;Ubiquitin-2 like Rad60 SUMO-like;PF11976
F59M;Ubiquitin-2 like Rad60 SUMO-like;PF11976
F59N;Ubiquitin-2 like Rad60 SUMO-like;PF11976
F59P;Ubiquitin-2 like Rad60 SUMO-like;PF11976
F59Q;Ubiquitin-2 like Rad60 SUMO-like;PF11976
F59R;Ubiquitin-2 like Rad60 SUMO-like;PF11976
F59S;Ubiquitin-2 like Rad60 SUMO-like;PF11976
F59T;Ubiquitin-2 like Rad60 SUMO-like;PF11976
F59V;Ubiquitin-2 like Rad60 SUMO-like;PF11976
F59W;Ubiquitin-2 like Rad60 SUMO-like;PF11976
F59Y;Ubiquitin-2 like Rad60 SUMO-like;PF11976
R60A;Ubiquitin-2 like Rad60 SUMO-like;PF11976
R60C;Ubiquitin-2 like Rad60 SUMO-like;PF11976
R60D;Ubiquitin-2 like Rad60 SUMO-like;PF11976
R60E;Ubiquitin-2 like Rad60 SUMO-like;PF11976
R60F;Ubiquitin-2 like Rad60 SUMO-like;PF11976
R60G;Ubiquitin-2 like Rad60 SUMO-like;PF11976
R60H;Ubiquitin-2 like Rad60 SUMO-like;PF11976
R60I;Ubiquitin-2 like Rad60 SUMO-like;PF11976
R60K;Ubiquitin-2 like Rad60 SUMO-like;PF11976
R60L;Ubiquitin-2 like Rad60 SUMO-like;PF11976
R60M;Ubiquitin-2 like Rad60 SUMO-like;PF11976
R60N;Ubiquitin-2 like Rad60 SUMO-like;PF11976
R60P;Ubiquitin-2 like Rad60 SUMO-like;PF11976
R60Q;Ubiquitin-2 like Rad60 SUMO-like;PF11976
R60S;Ubiquitin-2 like Rad60 SUMO-like;PF11976
R60T;Ubiquitin-2 like Rad60 SUMO-like;PF11976
R60V;Ubiquitin-2 like Rad60 SUMO-like;PF11976
R60W;Ubiquitin-2 like Rad60 SUMO-like;PF11976
R60Y;Ubiquitin-2 like Rad60 SUMO-like;PF11976
F61A;Ubiquitin-2 like Rad60 SUMO-like;PF11976
F61C;Ubiquitin-2 like Rad60 SUMO-like;PF11976
F61D;Ubiquitin-2 like Rad60 SUMO-like;PF11976
F61E;Ubiquitin-2 like Rad60 SUMO-like;PF11976
F61G;Ubiquitin-2 like Rad60 SUMO-like;PF11976
F61H;Ubiquitin-2 like Rad60 SUMO-like;PF11976
F61I;Ubiquitin-2 like Rad60 SUMO-like;PF11976
F61K;Ubiquitin-2 like Rad60 SUMO-like;PF11976
F61L;Ubiquitin-2 like Rad60 SUMO-like;PF11976
F61M;Ubiquitin-2 like Rad60 SUMO-like;PF11976
F61N;Ubiquitin-2 like Rad60 SUMO-like;PF11976
F61P;Ubiquitin-2 like Rad60 SUMO-like;PF11976
F61Q;Ubiquitin-2 like Rad60 SUMO-like;PF11976
F61R;Ubiquitin-2 like Rad60 SUMO-like;PF11976
F61S;Ubiquitin-2 like Rad60 SUMO-like;PF11976
F61T;Ubiquitin-2 like Rad60 SUMO-like;PF11976
F61V;Ubiquitin-2 like Rad60 SUMO-like;PF11976
F61W;Ubiquitin-2 like Rad60 SUMO-like;PF11976
F61Y;Ubiquitin-2 like Rad60 SUMO-like;PF11976
D62A;Ubiquitin-2 like Rad60 SUMO-like;PF11976
D62C;Ubiquitin-2 like Rad60 SUMO-like;PF11976
D62E;Ubiquitin-2 like Rad60 SUMO-like;PF11976
D62F;Ubiquitin-2 like Rad60 SUMO-like;PF11976
D62G;Ubiquitin-2 like Rad60 SUMO-like;PF11976
D62H;Ubiquitin-2 like Rad60 SUMO-like;PF11976
D62I;Ubiquitin-2 like Rad60 SUMO-like;PF11976
D62K;Ubiquitin-2 like Rad60 SUMO-like;PF11976
D62L;Ubiquitin-2 like Rad60 SUMO-like;PF11976
D62M;Ubiquitin-2 like Rad60 SUMO-like;PF11976
D62N;Ubiquitin-2 like Rad60 SUMO-like;PF11976
D62P;Ubiquitin-2 like Rad60 SUMO-like;PF11976
D62Q;Ubiquitin-2 like Rad60 SUMO-like;PF11976
D62R;Ubiquitin-2 like Rad60 SUMO-like;PF11976
D62S;Ubiquitin-2 like Rad60 SUMO-like;PF11976
D62T;Ubiquitin-2 like Rad60 SUMO-like;PF11976
D62V;Ubiquitin-2 like Rad60 SUMO-like;PF11976
D62W;Ubiquitin-2 like Rad60 SUMO-like;PF11976
D62Y;Ubiquitin-2 like Rad60 SUMO-like;PF11976
G63A;Ubiquitin-2 like Rad60 SUMO-like;PF11976
G63C;Ubiquitin-2 like Rad60 SUMO-like;PF11976
G63D;Ubiquitin-2 like Rad60 SUMO-like;PF11976
G63E;Ubiquitin-2 like Rad60 SUMO-like;PF11976
G63F;Ubiquitin-2 like Rad60 SUMO-like;PF11976
G63H;Ubiquitin-2 like Rad60 SUMO-like;PF11976
G63I;Ubiquitin-2 like Rad60 SUMO-like;PF11976
G63K;Ubiquitin-2 like Rad60 SUMO-like;PF11976
G63L;Ubiquitin-2 like Rad60 SUMO-like;PF11976
G63M;Ubiquitin-2 like Rad60 SUMO-like;PF11976
G63N;Ubiquitin-2 like Rad60 SUMO-like;PF11976
G63P;Ubiquitin-2 like Rad60 SUMO-like;PF11976
G63Q;Ubiquitin-2 like Rad60 SUMO-like;PF11976
G63R;Ubiquitin-2 like Rad60 SUMO-like;PF11976
G63S;Ubiquitin-2 like Rad60 SUMO-like;PF11976
G63T;Ubiquitin-2 like Rad60 SUMO-like;PF11976
G63V;Ubiquitin-2 like Rad60 SUMO-like;PF11976
G63W;Ubiquitin-2 like Rad60 SUMO-like;PF11976
G63Y;Ubiquitin-2 like Rad60 SUMO-like;PF11976
Q64A;Ubiquitin-2 like Rad60 SUMO-like;PF11976
Q64C;Ubiquitin-2 like Rad60 SUMO-like;PF11976
Q64D;Ubiquitin-2 like Rad60 SUMO-like;PF11976
Q64E;Ubiquitin-2 like Rad60 SUMO-like;PF11976
Q64F;Ubiquitin-2 like Rad60 SUMO-like;PF11976
Q64G;Ubiquitin-2 like Rad60 SUMO-like;PF11976
Q64H;Ubiquitin-2 like Rad60 SUMO-like;PF11976
Q64I;Ubiquitin-2 like Rad60 SUMO-like;PF11976
Q64K;Ubiquitin-2 like Rad60 SUMO-like;PF11976
Q64L;Ubiquitin-2 like Rad60 SUMO-like;PF11976
Q64M;Ubiquitin-2 like Rad60 SUMO-like;PF11976
Q64N;Ubiquitin-2 like Rad60 SUMO-like;PF11976
Q64P;Ubiquitin-2 like Rad60 SUMO-like;PF11976
Q64R;Ubiquitin-2 like Rad60 SUMO-like;PF11976
Q64S;Ubiquitin-2 like Rad60 SUMO-like;PF11976
Q64T;Ubiquitin-2 like Rad60 SUMO-like;PF11976
Q64V;Ubiquitin-2 like Rad60 SUMO-like;PF11976
Q64W;Ubiquitin-2 like Rad60 SUMO-like;PF11976
Q64Y;Ubiquitin-2 like Rad60 SUMO-like;PF11976
P65A;Ubiquitin-2 like Rad60 SUMO-like;PF11976
P65C;Ubiquitin-2 like Rad60 SUMO-like;PF11976
P65D;Ubiquitin-2 like Rad60 SUMO-like;PF11976
P65E;Ubiquitin-2 like Rad60 SUMO-like;PF11976
P65F;Ubiquitin-2 like Rad60 SUMO-like;PF11976
P65G;Ubiquitin-2 like Rad60 SUMO-like;PF11976
P65H;Ubiquitin-2 like Rad60 SUMO-like;PF11976
P65I;Ubiquitin-2 like Rad60 SUMO-like;PF11976
P65K;Ubiquitin-2 like Rad60 SUMO-like;PF11976
P65L;Ubiquitin-2 like Rad60 SUMO-like;PF11976
P65M;Ubiquitin-2 like Rad60 SUMO-like;PF11976
P65N;Ubiquitin-2 like Rad60 SUMO-like;PF11976
P65Q;Ubiquitin-2 like Rad60 SUMO-like;PF11976
P65R;Ubiquitin-2 like Rad60 SUMO-like;PF11976
P65S;Ubiquitin-2 like Rad60 SUMO-like;PF11976
P65T;Ubiquitin-2 like Rad60 SUMO-like;PF11976
P65V;Ubiquitin-2 like Rad60 SUMO-like;PF11976
P65W;Ubiquitin-2 like Rad60 SUMO-like;PF11976
P65Y;Ubiquitin-2 like Rad60 SUMO-like;PF11976
I66A;Ubiquitin-2 like Rad60 SUMO-like;PF11976
I66C;Ubiquitin-2 like Rad60 SUMO-like;PF11976
I66D;Ubiquitin-2 like Rad60 SUMO-like;PF11976
I66E;Ubiquitin-2 like Rad60 SUMO-like;PF11976
I66F;Ubiquitin-2 like Rad60 SUMO-like;PF11976
I66G;Ubiquitin-2 like Rad60 SUMO-like;PF11976
I66H;Ubiquitin-2 like Rad60 SUMO-like;PF11976
I66K;Ubiquitin-2 like Rad60 SUMO-like;PF11976
I66L;Ubiquitin-2 like Rad60 SUMO-like;PF11976
I66M;Ubiquitin-2 like Rad60 SUMO-like;PF11976
I66N;Ubiquitin-2 like Rad60 SUMO-like;PF11976
I66P;Ubiquitin-2 like Rad60 SUMO-like;PF11976
I66Q;Ubiquitin-2 like Rad60 SUMO-like;PF11976
I66R;Ubiquitin-2 like Rad60 SUMO-like;PF11976
I66S;Ubiquitin-2 like Rad60 SUMO-like;PF11976
I66T;Ubiquitin-2 like Rad60 SUMO-like;PF11976
I66V;Ubiquitin-2 like Rad60 SUMO-like;PF11976
I66W;Ubiquitin-2 like Rad60 SUMO-like;PF11976
I66Y;Ubiquitin-2 like Rad60 SUMO-like;PF11976
N67A;Ubiquitin-2 like Rad60 SUMO-like;PF11976
N67C;Ubiquitin-2 like Rad60 SUMO-like;PF11976
N67D;Ubiquitin-2 like Rad60 SUMO-like;PF11976
N67E;Ubiquitin-2 like Rad60 SUMO-like;PF11976
N67F;Ubiquitin-2 like Rad60 SUMO-like;PF11976
N67G;Ubiquitin-2 like Rad60 SUMO-like;PF11976
N67H;Ubiquitin-2 like Rad60 SUMO-like;PF11976
N67I;Ubiquitin-2 like Rad60 SUMO-like;PF11976
N67K;Ubiquitin-2 like Rad60 SUMO-like;PF11976
N67L;Ubiquitin-2 like Rad60 SUMO-like;PF11976
N67M;Ubiquitin-2 like Rad60 SUMO-like;PF11976
N67P;Ubiquitin-2 like Rad60 SUMO-like;PF11976
N67Q;Ubiquitin-2 like Rad60 SUMO-like;PF11976
N67R;Ubiquitin-2 like Rad60 SUMO-like;PF11976
N67S;Ubiquitin-2 like Rad60 SUMO-like;PF11976
N67T;Ubiquitin-2 like Rad60 SUMO-like;PF11976
N67V;Ubiquitin-2 like Rad60 SUMO-like;PF11976
N67W;Ubiquitin-2 like Rad60 SUMO-like;PF11976
N67Y;Ubiquitin-2 like Rad60 SUMO-like;PF11976
E68A;Ubiquitin-2 like Rad60 SUMO-like;PF11976
E68C;Ubiquitin-2 like Rad60 SUMO-like;PF11976
E68D;Ubiquitin-2 like Rad60 SUMO-like;PF11976
E68F;Ubiquitin-2 like Rad60 SUMO-like;PF11976
E68G;Ubiquitin-2 like Rad60 SUMO-like;PF11976
E68H;Ubiquitin-2 like Rad60 SUMO-like;PF11976
E68I;Ubiquitin-2 like Rad60 SUMO-like;PF11976
E68K;Ubiquitin-2 like Rad60 SUMO-like;PF11976
E68L;Ubiquitin-2 like Rad60 SUMO-like;PF11976
E68M;Ubiquitin-2 like Rad60 SUMO-like;PF11976
E68N;Ubiquitin-2 like Rad60 SUMO-like;PF11976
E68P;Ubiquitin-2 like Rad60 SUMO-like;PF11976
E68Q;Ubiquitin-2 like Rad60 SUMO-like;PF11976
E68R;Ubiquitin-2 like Rad60 SUMO-like;PF11976
E68S;Ubiquitin-2 like Rad60 SUMO-like;PF11976
E68T;Ubiquitin-2 like Rad60 SUMO-like;PF11976
E68V;Ubiquitin-2 like Rad60 SUMO-like;PF11976
E68W;Ubiquitin-2 like Rad60 SUMO-like;PF11976
E68Y;Ubiquitin-2 like Rad60 SUMO-like;PF11976
T69A;Ubiquitin-2 like Rad60 SUMO-like;PF11976
T69C;Ubiquitin-2 like Rad60 SUMO-like;PF11976
T69D;Ubiquitin-2 like Rad60 SUMO-like;PF11976
T69E;Ubiquitin-2 like Rad60 SUMO-like;PF11976
T69F;Ubiquitin-2 like Rad60 SUMO-like;PF11976
T69G;Ubiquitin-2 like Rad60 SUMO-like;PF11976
T69H;Ubiquitin-2 like Rad60 SUMO-like;PF11976
T69I;Ubiquitin-2 like Rad60 SUMO-like;PF11976
T69K;Ubiquitin-2 like Rad60 SUMO-like;PF11976
T69L;Ubiquitin-2 like Rad60 SUMO-like;PF11976
T69M;Ubiquitin-2 like Rad60 SUMO-like;PF11976
T69N;Ubiquitin-2 like Rad60 SUMO-like;PF11976
T69P;Ubiquitin-2 like Rad60 SUMO-like;PF11976
T69Q;Ubiquitin-2 like Rad60 SUMO-like;PF11976
T69R;Ubiquitin-2 like Rad60 SUMO-like;PF11976
T69S;Ubiquitin-2 like Rad60 SUMO-like;PF11976
T69V;Ubiquitin-2 like Rad60 SUMO-like;PF11976
T69W;Ubiquitin-2 like Rad60 SUMO-like;PF11976
T69Y;Ubiquitin-2 like Rad60 SUMO-like;PF11976
D70A;Ubiquitin-2 like Rad60 SUMO-like;PF11976
D70C;Ubiquitin-2 like Rad60 SUMO-like;PF11976
D70E;Ubiquitin-2 like Rad60 SUMO-like;PF11976
D70F;Ubiquitin-2 like Rad60 SUMO-like;PF11976
D70G;Ubiquitin-2 like Rad60 SUMO-like;PF11976
D70H;Ubiquitin-2 like Rad60 SUMO-like;PF11976
D70I;Ubiquitin-2 like Rad60 SUMO-like;PF11976
D70K;Ubiquitin-2 like Rad60 SUMO-like;PF11976
D70L;Ubiquitin-2 like Rad60 SUMO-like;PF11976
D70M;Ubiquitin-2 like Rad60 SUMO-like;PF11976
D70N;Ubiquitin-2 like Rad60 SUMO-like;PF11976
D70P;Ubiquitin-2 like Rad60 SUMO-like;PF11976
D70Q;Ubiquitin-2 like Rad60 SUMO-like;PF11976
D70R;Ubiquitin-2 like Rad60 SUMO-like;PF11976
D70S;Ubiquitin-2 like Rad60 SUMO-like;PF11976
D70T;Ubiquitin-2 like Rad60 SUMO-like;PF11976
D70V;Ubiquitin-2 like Rad60 SUMO-like;PF11976
D70W;Ubiquitin-2 like Rad60 SUMO-like;PF11976
D70Y;Ubiquitin-2 like Rad60 SUMO-like;PF11976
T71A;Ubiquitin-2 like Rad60 SUMO-like;PF11976
T71C;Ubiquitin-2 like Rad60 SUMO-like;PF11976
T71D;Ubiquitin-2 like Rad60 SUMO-like;PF11976
T71E;Ubiquitin-2 like Rad60 SUMO-like;PF11976
T71F;Ubiquitin-2 like Rad60 SUMO-like;PF11976
T71G;Ubiquitin-2 like Rad60 SUMO-like;PF11976
T71H;Ubiquitin-2 like Rad60 SUMO-like;PF11976
T71I;Ubiquitin-2 like Rad60 SUMO-like;PF11976
T71K;Ubiquitin-2 like Rad60 SUMO-like;PF11976
T71L;Ubiquitin-2 like Rad60 SUMO-like;PF11976
T71M;Ubiquitin-2 like Rad60 SUMO-like;PF11976
T71N;Ubiquitin-2 like Rad60 SUMO-like;PF11976
T71P;Ubiquitin-2 like Rad60 SUMO-like;PF11976
T71Q;Ubiquitin-2 like Rad60 SUMO-like;PF11976
T71R;Ubiquitin-2 like Rad60 SUMO-like;PF11976
T71S;Ubiquitin-2 like Rad60 SUMO-like;PF11976
T71V;Ubiquitin-2 like Rad60 SUMO-like;PF11976
T71W;Ubiquitin-2 like Rad60 SUMO-like;PF11976
T71Y;Ubiquitin-2 like Rad60 SUMO-like;PF11976
P72A;Ubiquitin-2 like Rad60 SUMO-like;PF11976
P72C;Ubiquitin-2 like Rad60 SUMO-like;PF11976
P72D;Ubiquitin-2 like Rad60 SUMO-like;PF11976
P72E;Ubiquitin-2 like Rad60 SUMO-like;PF11976
P72F;Ubiquitin-2 like Rad60 SUMO-like;PF11976
P72G;Ubiquitin-2 like Rad60 SUMO-like;PF11976
P72H;Ubiquitin-2 like Rad60 SUMO-like;PF11976
P72I;Ubiquitin-2 like Rad60 SUMO-like;PF11976
P72K;Ubiquitin-2 like Rad60 SUMO-like;PF11976
P72L;Ubiquitin-2 like Rad60 SUMO-like;PF11976
P72M;Ubiquitin-2 like Rad60 SUMO-like;PF11976
P72N;Ubiquitin-2 like Rad60 SUMO-like;PF11976
P72Q;Ubiquitin-2 like Rad60 SUMO-like;PF11976
P72R;Ubiquitin-2 like Rad60 SUMO-like;PF11976
P72S;Ubiquitin-2 like Rad60 SUMO-like;PF11976
P72T;Ubiquitin-2 like Rad60 SUMO-like;PF11976
P72V;Ubiquitin-2 like Rad60 SUMO-like;PF11976
P72W;Ubiquitin-2 like Rad60 SUMO-like;PF11976
P72Y;Ubiquitin-2 like Rad60 SUMO-like;PF11976
A73C;Ubiquitin-2 like Rad60 SUMO-like;PF11976
A73D;Ubiquitin-2 like Rad60 SUMO-like;PF11976
A73E;Ubiquitin-2 like Rad60 SUMO-like;PF11976
A73F;Ubiquitin-2 like Rad60 SUMO-like;PF11976
A73G;Ubiquitin-2 like Rad60 SUMO-like;PF11976
A73H;Ubiquitin-2 like Rad60 SUMO-like;PF11976
A73I;Ubiquitin-2 like Rad60 SUMO-like;PF11976
A73K;Ubiquitin-2 like Rad60 SUMO-like;PF11976
A73L;Ubiquitin-2 like Rad60 SUMO-like;PF11976
A73M;Ubiquitin-2 like Rad60 SUMO-like;PF11976
A73N;Ubiquitin-2 like Rad60 SUMO-like;PF11976
A73P;Ubiquitin-2 like Rad60 SUMO-like;PF11976
A73Q;Ubiquitin-2 like Rad60 SUMO-like;PF11976
A73R;Ubiquitin-2 like Rad60 SUMO-like;PF11976
A73S;Ubiquitin-2 like Rad60 SUMO-like;PF11976
A73T;Ubiquitin-2 like Rad60 SUMO-like;PF11976
A73V;Ubiquitin-2 like Rad60 SUMO-like;PF11976
A73W;Ubiquitin-2 like Rad60 SUMO-like;PF11976
A73Y;Ubiquitin-2 like Rad60 SUMO-like;PF11976
Q74A;Ubiquitin-2 like Rad60 SUMO-like;PF11976
Q74C;Ubiquitin-2 like Rad60 SUMO-like;PF11976
Q74D;Ubiquitin-2 like Rad60 SUMO-like;PF11976
Q74E;Ubiquitin-2 like Rad60 SUMO-like;PF11976
Q74F;Ubiquitin-2 like Rad60 SUMO-like;PF11976
Q74G;Ubiquitin-2 like Rad60 SUMO-like;PF11976
Q74H;Ubiquitin-2 like Rad60 SUMO-like;PF11976
Q74I;Ubiquitin-2 like Rad60 SUMO-like;PF11976
Q74K;Ubiquitin-2 like Rad60 SUMO-like;PF11976
Q74L;Ubiquitin-2 like Rad60 SUMO-like;PF11976
Q74M;Ubiquitin-2 like Rad60 SUMO-like;PF11976
Q74N;Ubiquitin-2 like Rad60 SUMO-like;PF11976
Q74P;Ubiquitin-2 like Rad60 SUMO-like;PF11976
Q74R;Ubiquitin-2 like Rad60 SUMO-like;PF11976
Q74S;Ubiquitin-2 like Rad60 SUMO-like;PF11976
Q74T;Ubiquitin-2 like Rad60 SUMO-like;PF11976
Q74V;Ubiquitin-2 like Rad60 SUMO-like;PF11976
Q74W;Ubiquitin-2 like Rad60 SUMO-like;PF11976
Q74Y;Ubiquitin-2 like Rad60 SUMO-like;PF11976
L75A;Ubiquitin-2 like Rad60 SUMO-like;PF11976
L75C;Ubiquitin-2 like Rad60 SUMO-like;PF11976
L75D;Ubiquitin-2 like Rad60 SUMO-like;PF11976
L75E;Ubiquitin-2 like Rad60 SUMO-like;PF11976
L75F;Ubiquitin-2 like Rad60 SUMO-like;PF11976
L75G;Ubiquitin-2 like Rad60 SUMO-like;PF11976
L75H;Ubiquitin-2 like Rad60 SUMO-like;PF11976
L75I;Ubiquitin-2 like Rad60 SUMO-like;PF11976
L75K;Ubiquitin-2 like Rad60 SUMO-like;PF11976
L75M;Ubiquitin-2 like Rad60 SUMO-like;PF11976
L75N;Ubiquitin-2 like Rad60 SUMO-like;PF11976
L75P;Ubiquitin-2 like Rad60 SUMO-like;PF11976
L75Q;Ubiquitin-2 like Rad60 SUMO-like;PF11976
L75R;Ubiquitin-2 like Rad60 SUMO-like;PF11976
L75S;Ubiquitin-2 like Rad60 SUMO-like;PF11976
L75T;Ubiquitin-2 like Rad60 SUMO-like;PF11976
L75V;Ubiquitin-2 like Rad60 SUMO-like;PF11976
L75W;Ubiquitin-2 like Rad60 SUMO-like;PF11976
L75Y;Ubiquitin-2 like Rad60 SUMO-like;PF11976
E76A;Ubiquitin-2 like Rad60 SUMO-like;PF11976
E76C;Ubiquitin-2 like Rad60 SUMO-like;PF11976
E76D;Ubiquitin-2 like Rad60 SUMO-like;PF11976
E76F;Ubiquitin-2 like Rad60 SUMO-like;PF11976
E76G;Ubiquitin-2 like Rad60 SUMO-like;PF11976
E76H;Ubiquitin-2 like Rad60 SUMO-like;PF11976
E76I;Ubiquitin-2 like Rad60 SUMO-like;PF11976
E76K;Ubiquitin-2 like Rad60 SUMO-like;PF11976
E76L;Ubiquitin-2 like Rad60 SUMO-like;PF11976
E76M;Ubiquitin-2 like Rad60 SUMO-like;PF11976
E76N;Ubiquitin-2 like Rad60 SUMO-like;PF11976
E76P;Ubiquitin-2 like Rad60 SUMO-like;PF11976
E76Q;Ubiquitin-2 like Rad60 SUMO-like;PF11976
E76R;Ubiquitin-2 like Rad60 SUMO-like;PF11976
E76S;Ubiquitin-2 like Rad60 SUMO-like;PF11976
E76T;Ubiquitin-2 like Rad60 SUMO-like;PF11976
E76V;Ubiquitin-2 like Rad60 SUMO-like;PF11976
E76W;Ubiquitin-2 like Rad60 SUMO-like;PF11976
E76Y;Ubiquitin-2 like Rad60 SUMO-like;PF11976
M77A;Ubiquitin-2 like Rad60 SUMO-like;PF11976
M77C;Ubiquitin-2 like Rad60 SUMO-like;PF11976
M77D;Ubiquitin-2 like Rad60 SUMO-like;PF11976
M77E;Ubiquitin-2 like Rad60 SUMO-like;PF11976
M77F;Ubiquitin-2 like Rad60 SUMO-like;PF11976
M77G;Ubiquitin-2 like Rad60 SUMO-like;PF11976
M77H;Ubiquitin-2 like Rad60 SUMO-like;PF11976
M77I;Ubiquitin-2 like Rad60 SUMO-like;PF11976
M77K;Ubiquitin-2 like Rad60 SUMO-like;PF11976
M77L;Ubiquitin-2 like Rad60 SUMO-like;PF11976
M77N;Ubiquitin-2 like Rad60 SUMO-like;PF11976
M77P;Ubiquitin-2 like Rad60 SUMO-like;PF11976
M77Q;Ubiquitin-2 like Rad60 SUMO-like;PF11976
M77R;Ubiquitin-2 like Rad60 SUMO-like;PF11976
M77S;Ubiquitin-2 like Rad60 SUMO-like;PF11976
M77T;Ubiquitin-2 like Rad60 SUMO-like;PF11976
M77V;Ubiquitin-2 like Rad60 SUMO-like;PF11976
M77W;Ubiquitin-2 like Rad60 SUMO-like;PF11976
M77Y;Ubiquitin-2 like Rad60 SUMO-like;PF11976
E78A;Ubiquitin-2 like Rad60 SUMO-like;PF11976
E78C;Ubiquitin-2 like Rad60 SUMO-like;PF11976
E78D;Ubiquitin-2 like Rad60 SUMO-like;PF11976
E78F;Ubiquitin-2 like Rad60 SUMO-like;PF11976
E78G;Ubiquitin-2 like Rad60 SUMO-like;PF11976
E78H;Ubiquitin-2 like Rad60 SUMO-like;PF11976
E78I;Ubiquitin-2 like Rad60 SUMO-like;PF11976
E78K;Ubiquitin-2 like Rad60 SUMO-like;PF11976
E78L;Ubiquitin-2 like Rad60 SUMO-like;PF11976
E78M;Ubiquitin-2 like Rad60 SUMO-like;PF11976
E78N;Ubiquitin-2 like Rad60 SUMO-like;PF11976
E78P;Ubiquitin-2 like Rad60 SUMO-like;PF11976
E78Q;Ubiquitin-2 like Rad60 SUMO-like;PF11976
E78R;Ubiquitin-2 like Rad60 SUMO-like;PF11976
E78S;Ubiquitin-2 like Rad60 SUMO-like;PF11976
E78T;Ubiquitin-2 like Rad60 SUMO-like;PF11976
E78V;Ubiquitin-2 like Rad60 SUMO-like;PF11976
E78W;Ubiquitin-2 like Rad60 SUMO-like;PF11976
E78Y;Ubiquitin-2 like Rad60 SUMO-like;PF11976
D79A;Ubiquitin-2 like Rad60 SUMO-like;PF11976
D79C;Ubiquitin-2 like Rad60 SUMO-like;PF11976
D79E;Ubiquitin-2 like Rad60 SUMO-like;PF11976
D79F;Ubiquitin-2 like Rad60 SUMO-like;PF11976
D79G;Ubiquitin-2 like Rad60 SUMO-like;PF11976
D79H;Ubiquitin-2 like Rad60 SUMO-like;PF11976
D79I;Ubiquitin-2 like Rad60 SUMO-like;PF11976
D79K;Ubiquitin-2 like Rad60 SUMO-like;PF11976
D79L;Ubiquitin-2 like Rad60 SUMO-like;PF11976
D79M;Ubiquitin-2 like Rad60 SUMO-like;PF11976
D79N;Ubiquitin-2 like Rad60 SUMO-like;PF11976
D79P;Ubiquitin-2 like Rad60 SUMO-like;PF11976
D79Q;Ubiquitin-2 like Rad60 SUMO-like;PF11976
D79R;Ubiquitin-2 like Rad60 SUMO-like;PF11976
D79S;Ubiquitin-2 like Rad60 SUMO-like;PF11976
D79T;Ubiquitin-2 like Rad60 SUMO-like;PF11976
D79V;Ubiquitin-2 like Rad60 SUMO-like;PF11976
D79W;Ubiquitin-2 like Rad60 SUMO-like;PF11976
D79Y;Ubiquitin-2 like Rad60 SUMO-like;PF11976
E80A;Ubiquitin-2 like Rad60 SUMO-like;PF11976
E80C;Ubiquitin-2 like Rad60 SUMO-like;PF11976
E80D;Ubiquitin-2 like Rad60 SUMO-like;PF11976
E80F;Ubiquitin-2 like Rad60 SUMO-like;PF11976
E80G;Ubiquitin-2 like Rad60 SUMO-like;PF11976
E80H;Ubiquitin-2 like Rad60 SUMO-like;PF11976
E80I;Ubiquitin-2 like Rad60 SUMO-like;PF11976
E80K;Ubiquitin-2 like Rad60 SUMO-like;PF11976
E80L;Ubiquitin-2 like Rad60 SUMO-like;PF11976
E80M;Ubiquitin-2 like Rad60 SUMO-like;PF11976
E80N;Ubiquitin-2 like Rad60 SUMO-like;PF11976
E80P;Ubiquitin-2 like Rad60 SUMO-like;PF11976
E80Q;Ubiquitin-2 like Rad60 SUMO-like;PF11976
E80R;Ubiquitin-2 like Rad60 SUMO-like;PF11976
E80S;Ubiquitin-2 like Rad60 SUMO-like;PF11976
E80T;Ubiquitin-2 like Rad60 SUMO-like;PF11976
E80V;Ubiquitin-2 like Rad60 SUMO-like;PF11976
E80W;Ubiquitin-2 like Rad60 SUMO-like;PF11976
E80Y;Ubiquitin-2 like Rad60 SUMO-like;PF11976
D81A;Ubiquitin-2 like Rad60 SUMO-like;PF11976
D81C;Ubiquitin-2 like Rad60 SUMO-like;PF11976
D81E;Ubiquitin-2 like Rad60 SUMO-like;PF11976
D81F;Ubiquitin-2 like Rad60 SUMO-like;PF11976
D81G;Ubiquitin-2 like Rad60 SUMO-like;PF11976
D81H;Ubiquitin-2 like Rad60 SUMO-like;PF11976
D81I;Ubiquitin-2 like Rad60 SUMO-like;PF11976
D81K;Ubiquitin-2 like Rad60 SUMO-like;PF11976
D81L;Ubiquitin-2 like Rad60 SUMO-like;PF11976
D81M;Ubiquitin-2 like Rad60 SUMO-like;PF11976
D81N;Ubiquitin-2 like Rad60 SUMO-like;PF11976
D81P;Ubiquitin-2 like Rad60 SUMO-like;PF11976
D81Q;Ubiquitin-2 like Rad60 SUMO-like;PF11976
D81R;Ubiquitin-2 like Rad60 SUMO-like;PF11976
D81S;Ubiquitin-2 like Rad60 SUMO-like;PF11976
D81T;Ubiquitin-2 like Rad60 SUMO-like;PF11976
D81V;Ubiquitin-2 like Rad60 SUMO-like;PF11976
D81W;Ubiquitin-2 like Rad60 SUMO-like;PF11976
D81Y;Ubiquitin-2 like Rad60 SUMO-like;PF11976
T82A;Ubiquitin-2 like Rad60 SUMO-like;PF11976
T82C;Ubiquitin-2 like Rad60 SUMO-like;PF11976
T82D;Ubiquitin-2 like Rad60 SUMO-like;PF11976
T82E;Ubiquitin-2 like Rad60 SUMO-like;PF11976
T82F;Ubiquitin-2 like Rad60 SUMO-like;PF11976
T82G;Ubiquitin-2 like Rad60 SUMO-like;PF11976
T82H;Ubiquitin-2 like Rad60 SUMO-like;PF11976
T82I;Ubiquitin-2 like Rad60 SUMO-like;PF11976
T82K;Ubiquitin-2 like Rad60 SUMO-like;PF11976
T82L;Ubiquitin-2 like Rad60 SUMO-like;PF11976
T82M;Ubiquitin-2 like Rad60 SUMO-like;PF11976
T82N;Ubiquitin-2 like Rad60 SUMO-like;PF11976
T82P;Ubiquitin-2 like Rad60 SUMO-like;PF11976
T82Q;Ubiquitin-2 like Rad60 SUMO-like;PF11976
T82R;Ubiquitin-2 like Rad60 SUMO-like;PF11976
T82S;Ubiquitin-2 like Rad60 SUMO-like;PF11976
T82V;Ubiquitin-2 like Rad60 SUMO-like;PF11976
T82W;Ubiquitin-2 like Rad60 SUMO-like;PF11976
T82Y;Ubiquitin-2 like Rad60 SUMO-like;PF11976
I83A;Ubiquitin-2 like Rad60 SUMO-like;PF11976
I83C;Ubiquitin-2 like Rad60 SUMO-like;PF11976
I83D;Ubiquitin-2 like Rad60 SUMO-like;PF11976
I83E;Ubiquitin-2 like Rad60 SUMO-like;PF11976
I83F;Ubiquitin-2 like Rad60 SUMO-like;PF11976
I83G;Ubiquitin-2 like Rad60 SUMO-like;PF11976
I83H;Ubiquitin-2 like Rad60 SUMO-like;PF11976
I83K;Ubiquitin-2 like Rad60 SUMO-like;PF11976
I83L;Ubiquitin-2 like Rad60 SUMO-like;PF11976
I83M;Ubiquitin-2 like Rad60 SUMO-like;PF11976
I83N;Ubiquitin-2 like Rad60 SUMO-like;PF11976
I83P;Ubiquitin-2 like Rad60 SUMO-like;PF11976
I83Q;Ubiquitin-2 like Rad60 SUMO-like;PF11976
I83R;Ubiquitin-2 like Rad60 SUMO-like;PF11976
I83S;Ubiquitin-2 like Rad60 SUMO-like;PF11976
I83T;Ubiquitin-2 like Rad60 SUMO-like;PF11976
I83V;Ubiquitin-2 like Rad60 SUMO-like;PF11976
I83W;Ubiquitin-2 like Rad60 SUMO-like;PF11976
I83Y;Ubiquitin-2 like Rad60 SUMO-like;PF11976
D84A;Ubiquitin-2 like Rad60 SUMO-like;PF11976
D84C;Ubiquitin-2 like Rad60 SUMO-like;PF11976
D84E;Ubiquitin-2 like Rad60 SUMO-like;PF11976
D84F;Ubiquitin-2 like Rad60 SUMO-like;PF11976
D84G;Ubiquitin-2 like Rad60 SUMO-like;PF11976
D84H;Ubiquitin-2 like Rad60 SUMO-like;PF11976
D84I;Ubiquitin-2 like Rad60 SUMO-like;PF11976
D84K;Ubiquitin-2 like Rad60 SUMO-like;PF11976
D84L;Ubiquitin-2 like Rad60 SUMO-like;PF11976
D84M;Ubiquitin-2 like Rad60 SUMO-like;PF11976
D84N;Ubiquitin-2 like Rad60 SUMO-like;PF11976
D84P;Ubiquitin-2 like Rad60 SUMO-like;PF11976
D84Q;Ubiquitin-2 like Rad60 SUMO-like;PF11976
D84R;Ubiquitin-2 like Rad60 SUMO-like;PF11976
D84S;Ubiquitin-2 like Rad60 SUMO-like;PF11976
D84T;Ubiquitin-2 like Rad60 SUMO-like;PF11976
D84V;Ubiquitin-2 like Rad60 SUMO-like;PF11976
D84W;Ubiquitin-2 like Rad60 SUMO-like;PF11976
D84Y;Ubiquitin-2 like Rad60 SUMO-like;PF11976
V85A;Ubiquitin-2 like Rad60 SUMO-like;PF11976
V85C;Ubiquitin-2 like Rad60 SUMO-like;PF11976
V85D;Ubiquitin-2 like Rad60 SUMO-like;PF11976
V85E;Ubiquitin-2 like Rad60 SUMO-like;PF11976
V85F;Ubiquitin-2 like Rad60 SUMO-like;PF11976
V85G;Ubiquitin-2 like Rad60 SUMO-like;PF11976
V85H;Ubiquitin-2 like Rad60 SUMO-like;PF11976
V85I;Ubiquitin-2 like Rad60 SUMO-like;PF11976
V85K;Ubiquitin-2 like Rad60 SUMO-like;PF11976
V85L;Ubiquitin-2 like Rad60 SUMO-like;PF11976
V85M;Ubiquitin-2 like Rad60 SUMO-like;PF11976
V85N;Ubiquitin-2 like Rad60 SUMO-like;PF11976
V85P;Ubiquitin-2 like Rad60 SUMO-like;PF11976
V85Q;Ubiquitin-2 like Rad60 SUMO-like;PF11976
V85R;Ubiquitin-2 like Rad60 SUMO-like;PF11976
V85S;Ubiquitin-2 like Rad60 SUMO-like;PF11976
V85T;Ubiquitin-2 like Rad60 SUMO-like;PF11976
V85W;Ubiquitin-2 like Rad60 SUMO-like;PF11976
V85Y;Ubiquitin-2 like Rad60 SUMO-like;PF11976
F86A;Not found;NA
F86C;Not found;NA
F86D;Not found;NA
F86E;Not found;NA
F86G;Not found;NA
F86H;Not found;NA
F86I;Not found;NA
F86K;Not found;NA
F86L;Not found;NA
F86M;Not found;NA
F86N;Not found;NA
F86P;Not found;NA
F86Q;Not found;NA
F86R;Not found;NA
F86S;Not found;NA
F86T;Not found;NA
F86V;Not found;NA
F86W;Not found;NA
F86Y;Not found;NA
Q87A;Not found;NA
Q87C;Not found;NA
Q87D;Not found;NA
Q87E;Not found;NA
Q87F;Not found;NA
Q87G;Not found;NA
Q87H;Not found;NA
Q87I;Not found;NA
Q87K;Not found;NA
Q87L;Not found;NA
Q87M;Not found;NA
Q87N;Not found;NA
Q87P;Not found;NA
Q87R;Not found;NA
Q87S;Not found;NA
Q87T;Not found;NA
Q87V;Not found;NA
Q87W;Not found;NA
Q87Y;Not found;NA
Q88A;Not found;NA
Q88C;Not found;NA
Q88D;Not found;NA
Q88E;Not found;NA
Q88F;Not found;NA
Q88G;Not found;NA
Q88H;Not found;NA
Q88I;Not found;NA
Q88K;Not found;NA
Q88L;Not found;NA
Q88M;Not found;NA
Q88N;Not found;NA
Q88P;Not found;NA
Q88R;Not found;NA
Q88S;Not found;NA
Q88T;Not found;NA
Q88V;Not found;NA
Q88W;Not found;NA
Q88Y;Not found;NA
Q89A;Not found;NA
Q89C;Not found;NA
Q89D;Not found;NA
Q89E;Not found;NA
Q89F;Not found;NA
Q89G;Not found;NA
Q89H;Not found;NA
Q89I;Not found;NA
Q89K;Not found;NA
Q89L;Not found;NA
Q89M;Not found;NA
Q89N;Not found;NA
Q89P;Not found;NA
Q89R;Not found;NA
Q89S;Not found;NA
Q89T;Not found;NA
Q89V;Not found;NA
Q89W;Not found;NA
Q89Y;Not found;NA
T90A;Not found;NA
T90C;Not found;NA
T90D;Not found;NA
T90E;Not found;NA
T90F;Not found;NA
T90G;Not found;NA
T90H;Not found;NA
T90I;Not found;NA
T90K;Not found;NA
T90L;Not found;NA
T90M;Not found;NA
T90N;Not found;NA
T90P;Not found;NA
T90Q;Not found;NA
T90R;Not found;NA
T90S;Not found;NA
T90V;Not found;NA
T90W;Not found;NA
T90Y;Not found;NA
