chain,resnum,resname,pLDDT,secstruc
A,1,MET,44.52,-
A,2,MET,50.27,-
A,3,ALA,55.23,-
A,4,TYR,50.17,-
A,5,MET,58.22,-
A,6,ASN,61.86,-
A,7,PRO,55.83,-
A,8,GLY,54.32,-
A,9,PRO,49.57,-
A,10,HIS,49.38,-
A,11,TYR,45.14,S
A,12,SER,53.88,-
A,13,VAL,54.83,-
A,14,ASN,54.59,-
A,15,ALA,46.96,-
A,16,LEU,53.55,-
A,17,ALA,51.29,-
A,18,LEU,54.61,-
A,19,SER,51.82,-
A,20,GLY,48.14,-
A,21,PRO,55.05,-
A,22,SER,51.79,-
A,23,VAL,61.22,-
A,24,ASP,49.93,-
A,25,LEU,58.19,-
A,26,MET,57.54,-
A,27,HIS,57.36,-
A,28,GLN,55.93,-
A,29,ALA,56.11,-
A,30,VAL,68.01,-
A,31,PRO,69.69,-
A,32,TYR,60.02,-
A,33,PRO,69.71,-
A,34,SER,65.12,-
A,35,ALA,67.83,-
A,36,PRO,70.16,-
A,37,ARG,67.82,-
A,38,LYS,73.75,-
A,39,GLN,81.26,-
A,40,ARG,83.19,-
A,41,ARG,83.12,-
A,42,GLU,89.79,-
A,43,ARG,92.36,-
A,44,THR,93.75,-
A,45,THR,96.08,-
A,46,PHE,96.4,-
A,47,THR,98.08,-
A,48,ARG,97.94,H
A,49,SER,97.85,H
A,50,GLN,98.31,H
A,51,LEU,98.36,H
A,52,GLU,98.36,H
A,53,GLU,98.27,H
A,54,LEU,98.62,H
A,55,GLU,98.41,H
A,56,ALA,98.28,H
A,57,LEU,98.23,H
A,58,PHE,98.47,H
A,59,ALA,98.04,H
A,60,LYS,97.92,H
A,61,THR,97.93,-
A,62,GLN,97.84,S
A,63,TYR,98.55,S
A,64,PRO,98.04,-
A,65,ASP,98.46,-
A,66,VAL,98.26,H
A,67,TYR,98.28,H
A,68,ALA,98.26,H
A,69,ARG,98.53,H
A,70,GLU,98.6,H
A,71,GLU,98.43,H
A,72,VAL,98.39,H
A,73,ALA,98.43,H
A,74,LEU,98.22,H
A,75,LYS,97.87,H
A,76,ILE,97.65,T
A,77,ASN,97.95,T
A,78,LEU,96.78,-
A,79,PRO,97.41,-
A,80,GLU,98.17,H
A,81,SER,97.43,H
A,82,ARG,97.72,H
A,83,VAL,98.2,H
A,84,GLN,98.19,H
A,85,VAL,98.07,H
A,86,TRP,98.42,H
A,87,PHE,98.7,H
A,88,LYS,98.34,H
A,89,ASN,98.28,H
A,90,ARG,98.32,H
A,91,ARG,98.32,H
A,92,ALA,98.17,H
A,93,LYS,97.49,H
A,94,CYS,96.0,H
A,95,ARG,96.77,H
A,96,GLN,95.36,H
A,97,GLN,93.53,H
A,98,ARG,92.26,H
A,99,GLN,92.35,H
A,100,GLN,90.19,H
A,101,GLN,88.47,H
A,102,LYS,86.78,H
A,103,GLN,80.6,H
A,104,GLN,74.37,H
A,105,GLN,67.67,T
A,106,GLN,61.82,S
A,107,PRO,62.34,-
A,108,PRO,59.41,T
A,109,GLY,54.09,T
A,110,GLY,51.43,-
A,111,GLN,55.76,-
A,112,ALA,47.81,-
A,113,LYS,54.72,-
A,114,ALA,54.49,-
A,115,ARG,56.48,-
A,116,PRO,59.23,-
A,117,ALA,54.83,-
A,118,LYS,59.39,-
A,119,ARG,52.15,-
A,120,LYS,56.86,-
A,121,ALA,49.54,-
A,122,GLY,43.56,-
A,123,THR,48.64,-
A,124,SER,48.26,-
A,125,PRO,47.85,-
A,126,ARG,46.88,-
A,127,PRO,50.17,-
A,128,SER,48.38,-
A,129,THR,53.03,-
A,130,ASP,47.07,-
A,131,VAL,45.45,-
A,132,CYS,56.58,-
A,133,PRO,57.37,-
A,134,ASP,50.87,-
A,135,PRO,53.5,-
A,136,LEU,54.2,-
A,137,GLY,45.25,-
A,138,ILE,52.86,-
A,139,SER,53.87,-
A,140,ASP,50.55,-
A,141,SER,54.59,-
A,142,TYR,48.67,-
A,143,SER,53.83,-
A,144,PRO,63.37,-
A,145,PRO,57.96,-
A,146,LEU,57.25,-
A,147,PRO,55.47,-
A,148,GLY,51.62,-
A,149,PRO,59.3,-
A,150,SER,50.19,-
A,151,GLY,48.88,-
A,152,SER,49.6,-
A,153,PRO,51.99,-
A,154,THR,47.02,-
A,155,THR,47.77,-
A,156,ALA,45.3,-
A,157,VAL,52.94,-
A,158,ALA,46.61,-
A,159,THR,48.88,-
A,160,VAL,50.61,-
A,161,SER,52.02,-
A,162,ILE,48.78,-
A,163,TRP,53.48,-
A,164,SER,49.22,-
A,165,PRO,46.47,-
A,166,ALA,47.1,-
A,167,SER,46.27,-
A,168,GLU,43.9,-
A,169,SER,42.68,-
A,170,PRO,50.9,-
A,171,LEU,52.86,-
A,172,PRO,52.04,-
A,173,GLU,40.38,-
A,174,ALA,44.14,-
A,175,GLN,45.76,-
A,176,ARG,44.09,-
A,177,ALA,43.34,-
A,178,GLY,43.59,-
A,179,LEU,46.2,-
A,180,VAL,51.69,-
A,181,ALA,51.3,-
A,182,SER,51.59,-
A,183,GLY,49.28,-
A,184,PRO,55.84,-
A,185,SER,43.45,-
A,186,LEU,49.87,-
A,187,THR,54.34,-
A,188,SER,51.37,-
A,189,ALA,52.89,-
A,190,PRO,45.94,-
A,191,TYR,51.88,-
A,192,ALA,44.74,-
A,193,MET,57.13,-
A,194,THR,47.98,-
A,195,TYR,61.57,-
A,196,ALA,51.51,-
A,197,PRO,65.59,-
A,198,ALA,42.56,-
A,199,SER,55.04,-
A,200,ALA,47.3,-
A,201,PHE,48.62,-
A,202,CYS,46.12,-
A,203,SER,45.93,-
A,204,SER,52.3,-
A,205,PRO,56.31,-
A,206,SER,46.77,-
A,207,ALA,47.83,-
A,208,TYR,51.91,-
A,209,GLY,43.83,-
A,210,SER,48.76,-
A,211,PRO,55.49,-
A,212,SER,49.87,-
A,213,SER,54.19,-
A,214,TYR,49.51,-
A,215,PHE,47.42,-
A,216,SER,51.79,-
A,217,GLY,47.18,-
A,218,LEU,51.67,-
A,219,ASP,46.16,-
A,220,PRO,52.55,-
A,221,TYR,46.23,-
A,222,LEU,51.48,-
A,223,SER,53.14,-
A,224,PRO,51.79,-
A,225,MET,50.55,-
A,226,VAL,56.86,-
A,227,PRO,52.56,-
A,228,GLN,47.41,-
A,229,LEU,50.88,-
A,230,GLY,45.71,-
A,231,GLY,49.44,-
A,232,PRO,56.88,-
A,233,ALA,51.94,-
A,234,LEU,58.73,-
A,235,SER,59.67,-
A,236,PRO,58.49,-
A,237,LEU,58.5,-
A,238,SER,56.39,-
A,239,GLY,54.45,-
A,240,PRO,59.86,-
A,241,SER,60.05,-
A,242,VAL,63.74,-
A,243,GLY,54.38,-
A,244,PRO,59.21,-
A,245,SER,54.76,-
A,246,LEU,55.25,-
A,247,ALA,45.87,-
A,248,GLN,54.7,-
A,249,SER,45.77,-
A,250,PRO,51.6,-
A,251,THR,41.56,-
A,252,SER,49.3,-
A,253,LEU,51.59,-
A,254,SER,49.25,-
A,255,GLY,43.97,-
A,256,GLN,50.05,-
A,257,SER,50.17,-
A,258,TYR,48.79,-
A,259,GLY,45.21,-
A,260,ALA,47.26,-
A,261,TYR,44.5,-
A,262,SER,46.1,-
A,263,PRO,52.64,-
A,264,VAL,46.76,-
A,265,ASP,45.67,-
A,266,SER,39.04,-
A,267,LEU,47.41,-
A,268,GLU,35.61,-
A,269,PHE,46.89,-
A,270,LYS,37.42,-
A,271,ASP,49.16,-
A,272,PRO,47.57,-
A,273,THR,49.02,-
A,274,GLY,41.81,-
A,275,THR,46.36,-
A,276,TRP,50.47,-
A,277,LYS,47.68,-
A,278,PHE,57.03,-
A,279,THR,46.3,-
A,280,TYR,43.32,-
A,281,ASN,49.17,-
A,282,PRO,51.22,S
A,283,MET,46.28,-
A,284,ASP,49.11,-
A,285,PRO,46.04,-
A,286,LEU,43.5,-
A,287,ASP,46.36,-
A,288,TYR,43.42,-
A,289,LYS,48.62,-
A,290,ASP,51.67,-
A,291,GLN,48.15,-
A,292,SER,49.57,-
A,293,ALA,49.48,-
A,294,TRP,44.38,-
A,295,LYS,56.32,-
A,296,PHE,55.25,-
A,297,GLN,52.83,-
A,298,ILE,61.96,-
A,299,LEU,50.7,-
