variant_id;variant_name;genomic_annotation;gene_name;interpretation;condition;number_of_stars
4234536;NM_000554.6(CRX):c.421T>A (p.Ser141Thr);GRCh38,NC_000019.10:g.47839488T>A GRCh37,NC_000019.9:g.48342745T>A;CRX;Uncertain significance;Inborn genetic diseases;1
4007112;NM_000554.6(CRX):c.389A>C (p.Asp130Ala);GRCh38,NC_000019.10:g.47839456A>C GRCh37,NC_000019.9:g.48342713A>C;CRX;Uncertain significance;Inborn genetic diseases;1
4007111;NM_000554.6(CRX):c.847A>T (p.Met283Leu);GRCh38,NC_000019.10:g.47839914A>T GRCh37,NC_000019.9:g.48343171A>T;CRX;Uncertain significance;Inborn genetic diseases;1
4007110;NM_000554.6(CRX):c.657C>G (p.Asp219Glu);GRCh38,NC_000019.10:g.47839724C>G GRCh37,NC_000019.9:g.48342981C>G;CRX;Uncertain significance;Inborn genetic diseases;1
4007108;NM_000554.6(CRX):c.131C>T (p.Thr44Ile);GRCh38,NC_000019.10:g.47836273C>T GRCh37,NC_000019.9:g.48339530C>T;CRX;Uncertain significance;Inborn genetic diseases;1
3903121;NM_000554.6(CRX):c.150A>C (p.Gln50His);GRCh38,NC_000019.10:g.47836292A>C GRCh37,NC_000019.9:g.48339549A>C;CRX;Uncertain significance;not provided;1
3836544;NM_000554.6(CRX):c.581C>T (p.Thr194Ile);GRCh38,NC_000019.10:g.47839648C>T GRCh37,NC_000019.9:g.48342905C>T;CRX;Uncertain significance;Inborn genetic diseases;1
3779180;NM_000554.6(CRX):c.113A>G (p.Lys38Arg);GRCh38,NC_000019.10:g.47836255A>G GRCh37,NC_000019.9:g.48339512A>G;CRX;Uncertain significance;Cone-rod dystrophy 2;1
3760995;NM_000554.6(CRX):c.418G>C (p.Asp140His);GRCh38,NC_000019.10:g.47839485G>C GRCh37,NC_000019.9:g.48342742G>C;CRX;Uncertain significance;Leber congenital amaurosis 7;1
3759163;NM_000554.6(CRX):c.403C>G (p.Pro135Ala);GRCh38,NC_000019.10:g.47839470C>G GRCh37,NC_000019.9:g.48342727C>G;CRX;Uncertain significance;Cone-rod dystrophy 2;1
3758248;NM_000554.6(CRX):c.2T>C (p.Met1Thr);GRCh38,NC_000019.10:g.47834445T>C GRCh37,NC_000019.9:g.48337702T>C;CRX;Uncertain significance;Cone-rod dystrophy 2;1
3757334;NM_000554.6(CRX):c.119G>T (p.Arg40Leu);GRCh38,NC_000019.10:g.47836261G>T GRCh37,NC_000019.9:g.48339518G>T;CRX;Uncertain significance;Leber congenital amaurosis 7;1
3757169;NM_000554.6(CRX):c.65G>T (p.Ser22Ile);GRCh38,NC_000019.10:g.47834508G>T GRCh37,NC_000019.9:g.48337765G>T;CRX;Uncertain significance;Leber congenital amaurosis 7;1
3756372;NM_000554.6(CRX):c.251A>G (p.Gln84Arg);GRCh38,NC_000019.10:g.47836393A>G GRCh37,NC_000019.9:g.48339650A>G;CRX;Uncertain significance;Leber congenital amaurosis 7;1
3753521;NM_000554.6(CRX):c.638C>T (p.Ser213Phe);GRCh38,NC_000019.10:g.47839705C>T GRCh37,NC_000019.9:g.48342962C>T;CRX;Uncertain significance;Leber congenital amaurosis 7;1
3749821;NM_000554.6(CRX):c.57T>A (p.Ser19Arg);GRCh38,NC_000019.10:g.47834500T>A GRCh37,NC_000019.9:g.48337757T>A;CRX;Uncertain significance;Leber congenital amaurosis 7;1
3749399;NM_000554.6(CRX):c.279A>T (p.Lys93Asn);GRCh38,NC_000019.10:g.47839346A>T GRCh37,NC_000019.9:g.48342603A>T;CRX;Uncertain significance;Leber congenital amaurosis 7;1
3497328;NM_000554.6(CRX):c.415T>C (p.Ser139Pro);GRCh38,NC_000019.10:g.47839482T>C GRCh37,NC_000019.9:g.48342739T>C;CRX;Uncertain significance;Inborn genetic diseases;1
3497327;NM_000554.6(CRX):c.544T>C (p.Ser182Pro);GRCh38,NC_000019.10:g.47839611T>C GRCh37,NC_000019.9:g.48342868T>C;CRX;Uncertain significance;Inborn genetic diseases;1
3269635;NM_000554.6(CRX):c.334G>C (p.Ala112Pro);GRCh38,NC_000019.10:g.47839401G>C GRCh37,NC_000019.9:g.48342658G>C;CRX;Uncertain significance;Inborn genetic diseases;1
3269634;NM_000554.6(CRX):c.812A>G (p.Asp271Gly);GRCh38,NC_000019.10:g.47839879A>G GRCh37,NC_000019.9:g.48343136A>G;CRX;Uncertain significance;Inborn genetic diseases;1
3250189;NM_000554.6(CRX):c.122G>C (p.Arg41Pro);GRCh38,NC_000019.10:g.47836264G>C GRCh37,NC_000019.9:g.48339521G>C;CRX;Likely pathogenic;Retinal dystrophy;1
3249959;NM_000554.6(CRX):c.158A>G (p.Glu53Gly);GRCh38,NC_000019.10:g.47836300A>G GRCh37,NC_000019.9:g.48339557A>G;CRX;Likely pathogenic;Retinal dystrophy;0
3249169;NM_000554.6(CRX):c.147C>G (p.Ser49Arg);GRCh38,NC_000019.10:g.47836289C>G GRCh37,NC_000019.9:g.48339546C>G;CRX;Uncertain significance;Retinal dystrophy;0
3248970;NM_000554.6(CRX):c.120_121delinsTT (p.Arg41Trp);GRCh38,NC_000019.10:g.47836262_47836263delinsTT GRCh37,NC_000019.9:g.48339519_48339520delinsTT;CRX;Pathogenic;Retinal dystrophy;0
3077686;NM_000554.6(CRX):c.373C>T (p.Pro125Ser);GRCh38,NC_000019.10:g.47839440C>T GRCh37,NC_000019.9:g.48342697C>T;CRX;Uncertain significance;Cone-rod dystrophy 2,Inborn genetic diseases;2
3028508;NM_000554.6(CRX):c.761C>T (p.Ser254Leu);GRCh38,NC_000019.10:g.47839828C>T GRCh37,NC_000019.9:g.48343085C>T;CRX;Uncertain significance;Retinal dystrophy;1
3028504;NM_000554.6(CRX):c.340G>T (p.Ala114Ser);GRCh38,NC_000019.10:g.47839407G>T GRCh37,NC_000019.9:g.48342664G>T;CRX;Uncertain significance;Retinal dystrophy;1
2947663;NM_000554.6(CRX):c.37G>C (p.Val13Leu);GRCh38,NC_000019.10:g.47834480G>C GRCh37,NC_000019.9:g.48337737G>C;CRX;Conflicting classifications of pathogenicity;Cone-rod dystrophy 2,not specified;1
2944941;NM_000554.6(CRX):c.586G>T (p.Ala196Ser);GRCh38,NC_000019.10:g.47839653G>T GRCh37,NC_000019.9:g.48342910G>T;CRX;Uncertain significance;Leber congenital amaurosis 7;1
2942140;NM_000554.6(CRX):c.628T>G (p.Ser210Ala);GRCh38,NC_000019.10:g.47839695T>G GRCh37,NC_000019.9:g.48342952T>G;CRX;Uncertain significance;Cone-rod dystrophy 2;1
2939319;NM_000554.6(CRX):c.784A>G (p.Ser262Gly);GRCh38,NC_000019.10:g.47839851A>G GRCh37,NC_000019.9:g.48343108A>G;CRX;Uncertain significance;Leber congenital amaurosis 7;1
2938054;NM_000554.6(CRX):c.527G>A (p.Arg176Gln);GRCh38,NC_000019.10:g.47839594G>A GRCh37,NC_000019.9:g.48342851G>A;CRX;Uncertain significance;Leber congenital amaurosis 7;1
2928964;NM_000554.6(CRX):c.566C>T (p.Ala189Val);GRCh38,NC_000019.10:g.47839633C>T GRCh37,NC_000019.9:g.48342890C>T;CRX;Uncertain significance;Inborn genetic diseases,Leber congenital amaurosis 7;2
2926814;NM_000554.6(CRX):c.319C>G (p.Pro107Ala);GRCh38,NC_000019.10:g.47839386C>G GRCh37,NC_000019.9:g.48342643C>G;CRX;Uncertain significance;Leber congenital amaurosis 7;1
2926332;NM_000554.6(CRX):c.143G>A (p.Arg48Gln);GRCh38,NC_000019.10:g.47836285G>A GRCh37,NC_000019.9:g.48339542G>A;CRX;Uncertain significance;Leber congenital amaurosis 7;1
2925993;NM_000554.6(CRX):c.673A>G (p.Met225Val);GRCh38,NC_000019.10:g.47839740A>G GRCh37,NC_000019.9:g.48342997A>G;CRX;Uncertain significance;Leber congenital amaurosis 7;1
2923656;NM_000554.6(CRX):c.598G>A (p.Ala200Thr);GRCh38,NC_000019.10:g.47839665G>A GRCh37,NC_000019.9:g.48342922G>A;CRX;Uncertain significance;Leber congenital amaurosis 7;1
2538604;NM_000554.6(CRX):c.380C>T (p.Pro127Leu);GRCh38,NC_000019.10:g.47839447C>T GRCh37,NC_000019.9:g.48342704C>T;CRX;Uncertain significance;Cone-rod dystrophy 2,Inborn genetic diseases;2
2420989;NM_000554.6(CRX):c.133A>G (p.Thr45Ala);GRCh38,NC_000019.10:g.47836275A>G GRCh37,NC_000019.9:g.48339532A>G;CRX;Uncertain significance;Leber congenital amaurosis 7;1
2274602;NM_000554.6(CRX):c.811G>A (p.Asp271Asn);GRCh38,NC_000019.10:g.47839878G>A GRCh37,NC_000019.9:g.48343135G>A;CRX;Uncertain significance;Inborn genetic diseases;1
2221508;NM_000554.6(CRX):c.532G>C (p.Gly178Arg);GRCh38,NC_000019.10:g.47839599G>C GRCh37,NC_000019.9:g.48342856G>C;CRX;Uncertain significance;Cone-rod dystrophy 2,Inborn genetic diseases;2
2217502;NM_000554.6(CRX):c.685C>A (p.Leu229Ile);GRCh38,NC_000019.10:g.47839752C>A GRCh37,NC_000019.9:g.48343009C>A;CRX;Uncertain significance;Inborn genetic diseases;1
2197532;NM_000554.6(CRX):c.211G>A (p.Glu71Lys);GRCh38,NC_000019.10:g.47836353G>A GRCh37,NC_000019.9:g.48339610G>A;CRX;Uncertain significance;Leber congenital amaurosis 7;1
2196747;NM_000554.6(CRX):c.709C>A (p.Leu237Ile);GRCh38,NC_000019.10:g.47839776C>A GRCh37,NC_000019.9:g.48343033C>A;CRX;Uncertain significance;Cone-rod dystrophy 2;1
2164428;NM_000554.6(CRX):c.658C>A (p.Pro220Thr);GRCh38,NC_000019.10:g.47839725C>A GRCh37,NC_000019.9:g.48342982C>A;CRX;Uncertain significance;Cone-rod dystrophy 2;1
2158655;NM_000554.6(CRX):c.695C>T (p.Pro232Leu);GRCh38,NC_000019.10:g.47839762C>T GRCh37,NC_000019.9:g.48343019C>T;CRX;Uncertain significance;Leber congenital amaurosis 7;1
2152597;NM_000554.6(CRX):c.85G>A (p.Ala29Thr);GRCh38,NC_000019.10:g.47834528G>A GRCh37,NC_000019.9:g.48337785G>A;CRX;Uncertain significance;Leber congenital amaurosis 7;1
2151785;NM_000554.6(CRX):c.484A>C (p.Ile162Leu);GRCh38,NC_000019.10:g.47839551A>C GRCh37,NC_000019.9:g.48342808A>C;CRX;Uncertain significance;Leber congenital amaurosis 7;1
2143877;NM_000554.6(CRX):c.863A>G (p.Tyr288Cys);GRCh38,NC_000019.10:g.47839930A>G GRCh37,NC_000019.9:g.48343187A>G;CRX;Uncertain significance;Cone-rod dystrophy 2;1
2140522;NM_000554.6(CRX):c.205C>G (p.Arg69Gly);GRCh38,NC_000019.10:g.47836347C>G GRCh37,NC_000019.9:g.48339604C>G;CRX;Uncertain significance;Cone-rod dystrophy 2;1
2138313;NM_000554.6(CRX):c.362C>T (p.Ala121Val);GRCh38,NC_000019.10:g.47839429C>T GRCh37,NC_000019.9:g.48342686C>T;CRX;Uncertain significance;Cone-rod dystrophy 2;1
2124452;NM_000554.6(CRX):c.773A>G (p.Tyr258Cys);GRCh38,NC_000019.10:g.47839840A>G GRCh37,NC_000019.9:g.48343097A>G;CRX;Uncertain significance;Leber congenital amaurosis 7;1
2122560;NM_000554.6(CRX):c.89T>A (p.Val30Glu);GRCh38,NC_000019.10:g.47834532T>A GRCh37,NC_000019.9:g.48337789T>A;CRX;Uncertain significance;Cone-rod dystrophy 2;1
2117281;NM_000554.6(CRX):c.844C>T (p.Pro282Ser);GRCh38,NC_000019.10:g.47839911C>T GRCh37,NC_000019.9:g.48343168C>T;CRX;Uncertain significance;Leber congenital amaurosis 7;1
2092810;NM_000554.6(CRX):c.719C>T (p.Pro240Leu);GRCh38,NC_000019.10:g.47839786C>T GRCh37,NC_000019.9:g.48343043C>T;CRX;Uncertain significance;Leber congenital amaurosis 7;1
2090236;NM_000554.6(CRX):c.675G>C (p.Met225Ile);GRCh38,NC_000019.10:g.47839742G>C GRCh37,NC_000019.9:g.48342999G>C;CRX;Uncertain significance;Cone-rod dystrophy 2;1
2056454;NM_000554.6(CRX):c.755C>T (p.Ser252Phe);GRCh38,NC_000019.10:g.47839822C>T GRCh37,NC_000019.9:g.48343079C>T;CRX;Uncertain significance;Leber congenital amaurosis 7;1
2042467;NM_000554.6(CRX):c.740C>A (p.Ala247Asp);GRCh38,NC_000019.10:g.47839807C>A GRCh37,NC_000019.9:g.48343064C>A;CRX;Uncertain significance;Inborn genetic diseases,Leber congenital amaurosis 7;2
2037356;NM_000554.6(CRX):c.119G>C (p.Arg40Pro);GRCh38,NC_000019.10:g.47836261G>C GRCh37,NC_000019.9:g.48339518G>C;CRX;Uncertain significance;Leber congenital amaurosis 7;1
2012359;NM_000554.6(CRX):c.281G>A (p.Cys94Tyr);GRCh38,NC_000019.10:g.47839348G>A GRCh37,NC_000019.9:g.48342605G>A;CRX;Uncertain significance;Cone-rod dystrophy 2;1
2008707;NM_000554.6(CRX):c.834C>A (p.Phe278Leu);GRCh38,NC_000019.10:g.47839901C>A GRCh37,NC_000019.9:g.48343158C>A;CRX;Uncertain significance;Cone-rod dystrophy 2;1
1984080;NM_000554.6(CRX):c.575C>A (p.Ala192Asp);GRCh38,NC_000019.10:g.47839642C>A GRCh37,NC_000019.9:g.48342899C>A;CRX;Uncertain significance;Leber congenital amaurosis 7;1
1934765;NM_000554.6(CRX):c.799T>G (p.Leu267Val);GRCh38,NC_000019.10:g.47839866T>G GRCh37,NC_000019.9:g.48343123T>G;CRX;Uncertain significance;Cone-rod dystrophy 2;1
1930913;NM_000554.6(CRX):c.497C>A (p.Ala166Asp);GRCh38,NC_000019.10:g.47839564C>A GRCh37,NC_000019.9:g.48342821C>A;CRX;Uncertain significance;Leber congenital amaurosis 7;1
1720406;NM_000554.6(CRX):c.106C>T (p.Pro36Ser);GRCh38,NC_000019.10:g.47836248C>T GRCh37,NC_000019.9:g.48339505C>T;CRX;Uncertain significance;Leber congenital amaurosis 7;1
1521633;NM_000554.6(CRX):c.404C>G (p.Pro135Arg);GRCh38,NC_000019.10:g.47839471C>G GRCh37,NC_000019.9:g.48342728C>G;CRX;Uncertain significance;Leber congenital amaurosis 7;1
1519409;NM_000554.6(CRX):c.526C>T (p.Arg176Trp);GRCh38,NC_000019.10:g.47839593C>T GRCh37,NC_000019.9:g.48342850C>T;CRX;Uncertain significance;Leber congenital amaurosis 7;1
1514396;NM_000554.6(CRX):c.128G>T (p.Arg43Leu);GRCh38,NC_000019.10:g.47836270G>T GRCh37,NC_000019.9:g.48339527G>T;CRX;Uncertain significance;Leber congenital amaurosis 7;1
1487506;NM_000554.6(CRX):c.182C>T (p.Thr61Ile);GRCh38,NC_000019.10:g.47836324C>T GRCh37,NC_000019.9:g.48339581C>T;CRX;Uncertain significance;Cone-rod dystrophy 2;1
1486168;NM_000554.6(CRX):c.196G>T (p.Val66Phe);GRCh38,NC_000019.10:g.47836338G>T GRCh37,NC_000019.9:g.48339595G>T;CRX;Uncertain significance;Leber congenital amaurosis 7;1
1485660;NM_000554.6(CRX):c.25C>T (p.Pro9Ser);GRCh38,NC_000019.10:g.47834468C>T GRCh37,NC_000019.9:g.48337725C>T;CRX;Uncertain significance;Cone-rod dystrophy 2;1
1484502;NM_000554.6(CRX):c.311A>G (p.Gln104Arg);GRCh38,NC_000019.10:g.47839378A>G GRCh37,NC_000019.9:g.48342635A>G;CRX;Likely benign;Leber congenital amaurosis 7,not provided;2
1484331;NM_000554.6(CRX):c.42C>A (p.Asn14Lys);GRCh38,NC_000019.10:g.47834485C>A GRCh37,NC_000019.9:g.48337742C>A;CRX;Uncertain significance;Leber congenital amaurosis 7;1
1482410;NM_000554.6(CRX):c.526C>G (p.Arg176Gly);GRCh38,NC_000019.10:g.47839593C>G GRCh37,NC_000019.9:g.48342850C>G;CRX;Uncertain significance;Leber congenital amaurosis 7;1
1482128;NM_000554.6(CRX):c.619G>A (p.Ala207Thr);GRCh38,NC_000019.10:g.47839686G>A GRCh37,NC_000019.9:g.48342943G>A;CRX;Uncertain significance;Cone-rod dystrophy 2;1
1481939;NM_000554.6(CRX):c.632C>T (p.Pro211Leu);GRCh38,NC_000019.10:g.47839699C>T GRCh37,NC_000019.9:g.48342956C>T;CRX;Uncertain significance;Leber congenital amaurosis 7;1
1481313;NM_000554.6(CRX):c.442G>C (p.Gly148Arg);GRCh38,NC_000019.10:g.47839509G>C GRCh37,NC_000019.9:g.48342766G>C;CRX;Uncertain significance;Leber congenital amaurosis 7;1
1480386;NM_000554.6(CRX):c.226A>T (p.Ile76Phe);GRCh38,NC_000019.10:g.47836368A>T GRCh37,NC_000019.9:g.48339625A>T;CRX;Uncertain significance;Leber congenital amaurosis 7;1
1465917;NM_000554.6(CRX):c.790G>A (p.Val264Met);GRCh38,NC_000019.10:g.47839857G>A GRCh37,NC_000019.9:g.48343114G>A;CRX;Uncertain significance;Leber congenital amaurosis 7;1
1464640;NM_000554.6(CRX):c.790G>T (p.Val264Leu);GRCh38,NC_000019.10:g.47839857G>T GRCh37,NC_000019.9:g.48343114G>T;CRX;Uncertain significance;Leber congenital amaurosis 7,Retinal dystrophy;2
1460515;NM_000554.6(CRX):c.673A>C (p.Met225Leu);GRCh38,NC_000019.10:g.47839740A>C GRCh37,NC_000019.9:g.48342997A>C;CRX;Uncertain significance;Leber congenital amaurosis 7;1
1450546;NM_000554.6(CRX):c.20C>T (p.Pro7Leu);GRCh38,NC_000019.10:g.47834463C>T GRCh37,NC_000019.9:g.48337720C>T;CRX;Uncertain significance;Leber congenital amaurosis 7,Retinal dystrophy;1
1435083;NM_000554.6(CRX):c.140C>T (p.Thr47Ile);GRCh38,NC_000019.10:g.47836282C>T GRCh37,NC_000019.9:g.48339539C>T;CRX;Uncertain significance;Cone-rod dystrophy 2,Inborn genetic diseases,Retinal dystrophy;2
1414365;NM_000554.6(CRX):c.533G>C (p.Gly178Ala);GRCh38,NC_000019.10:g.47839600G>C GRCh37,NC_000019.9:g.48342857G>C;CRX;Uncertain significance;Leber congenital amaurosis 7;1
1413008;NM_000554.6(CRX):c.43G>A (p.Ala15Thr);GRCh38,NC_000019.10:g.47834486G>A GRCh37,NC_000019.9:g.48337743G>A;CRX;Uncertain significance;Leber congenital amaurosis 7;1
1411397;NM_000554.6(CRX):c.806T>A (p.Phe269Tyr);GRCh38,NC_000019.10:g.47839873T>A GRCh37,NC_000019.9:g.48343130T>A;CRX;Uncertain significance;Leber congenital amaurosis 7;1
1410915;NM_000554.6(CRX):c.565G>A (p.Ala189Thr);GRCh38,NC_000019.10:g.47839632G>A GRCh37,NC_000019.9:g.48342889G>A;CRX;Uncertain significance;Inborn genetic diseases,Leber congenital amaurosis 7;2
1410569;NM_000554.6(CRX):c.377G>A (p.Arg126Lys);GRCh38,NC_000019.10:g.47839444G>A GRCh37,NC_000019.9:g.48342701G>A;CRX;Uncertain significance;Leber congenital amaurosis 7;1
1404902;NM_000554.6(CRX):c.521C>T (p.Ala174Val);GRCh38,NC_000019.10:g.47839588C>T GRCh37,NC_000019.9:g.48342845C>T;CRX;Uncertain significance;Leber congenital amaurosis 7;1
1401412;NM_000554.6(CRX):c.793G>T (p.Asp265Tyr);GRCh38,NC_000019.10:g.47839860G>T GRCh37,NC_000019.9:g.48343117G>T;CRX;Uncertain significance;Cone-rod dystrophy 2,Retinal dystrophy;2
1400605;NM_000554.6(CRX):c.142C>T (p.Arg48Trp);GRCh38,NC_000019.10:g.47836284C>T GRCh37,NC_000019.9:g.48339541C>T;CRX;Uncertain significance;Cone-rod dystrophy 2,Retinal dystrophy;2
1392198;NM_000554.6(CRX):c.274G>C (p.Ala92Pro);GRCh38,NC_000019.10:g.47839341G>C GRCh37,NC_000019.9:g.48342598G>C;CRX;Uncertain significance;Leber congenital amaurosis 7;1
1385999;NM_000554.6(CRX):c.560C>T (p.Thr187Ile);GRCh38,NC_000019.10:g.47839627C>T GRCh37,NC_000019.9:g.48342884C>T;CRX;Conflicting classifications of pathogenicity;Cone-rod dystrophy 2,Retinal dystrophy;1
1375987;NM_000554.6(CRX):c.415T>G (p.Ser139Ala);GRCh38,NC_000019.10:g.47839482T>G GRCh37,NC_000019.9:g.48342739T>G;CRX;Uncertain significance;Leber congenital amaurosis 7;1
1369314;NM_000554.6(CRX):c.649G>A (p.Gly217Ser);GRCh38,NC_000019.10:g.47839716G>A GRCh37,NC_000019.9:g.48342973G>A;CRX;Uncertain significance;Cone-rod dystrophy 2,Inborn genetic diseases;2
1368669;NM_000554.6(CRX):c.225G>T (p.Lys75Asn);GRCh38,NC_000019.10:g.47836367G>T GRCh37,NC_000019.9:g.48339624G>T;CRX;Uncertain significance;Leber congenital amaurosis 7;1
1367586;NM_000554.6(CRX):c.893T>A (p.Ile298Asn);GRCh38,NC_000019.10:g.47839960T>A GRCh37,NC_000019.9:g.48343217T>A;CRX;Uncertain significance;Leber congenital amaurosis 7;1
1356772;NM_000554.6(CRX):c.349G>A (p.Ala117Thr);GRCh38,NC_000019.10:g.47839416G>A GRCh37,NC_000019.9:g.48342673G>A;CRX;Uncertain significance;Leber congenital amaurosis 7;1
1352289;NM_000554.6(CRX):c.578T>A (p.Met193Lys);GRCh38,NC_000019.10:g.47839645T>A GRCh37,NC_000019.9:g.48342902T>A;CRX;Uncertain significance;Cone-rod dystrophy 2;1
1349400;NM_000554.6(CRX):c.412A>G (p.Ile138Val);GRCh38,NC_000019.10:g.47839479A>G GRCh37,NC_000019.9:g.48342736A>G;CRX;Uncertain significance;Cone-rod dystrophy 2,Inborn genetic diseases;2
1347475;NM_000554.6(CRX):c.587C>T (p.Ala196Val);GRCh38,NC_000019.10:g.47839654C>T GRCh37,NC_000019.9:g.48342911C>T;CRX;Uncertain significance;Leber congenital amaurosis 7;1
1306092;NM_000554.6(CRX):c.734C>A (p.Ser245Tyr);GRCh38,NC_000019.10:g.47839801C>A GRCh37,NC_000019.9:g.48343058C>A;CRX;Uncertain significance;not provided;1
1063814;NM_000554.6(CRX):c.513G>C (p.Leu171Phe);GRCh38,NC_000019.10:g.47839580G>C GRCh37,NC_000019.9:g.48342837G>C;CRX;Uncertain significance;Leber congenital amaurosis 7;1
1060944;NM_000554.6(CRX):c.83A>G (p.Gln28Arg);GRCh38,NC_000019.10:g.47834526A>G GRCh37,NC_000019.9:g.48337783A>G;CRX;Uncertain significance;Inborn genetic diseases,Leber congenital amaurosis 7;2
1056999;NM_000554.6(CRX):c.794A>T (p.Asp265Val);GRCh38,NC_000019.10:g.47839861A>T GRCh37,NC_000019.9:g.48343118A>T;CRX;Uncertain significance;Leber congenital amaurosis 7;1
1056244;NM_000554.6(CRX):c.778G>A (p.Ala260Thr);GRCh38,NC_000019.10:g.47839845G>A GRCh37,NC_000019.9:g.48343102G>A;CRX;Likely benign;Cone-rod dystrophy 2;1
1054146;NM_000554.6(CRX):c.688G>C (p.Gly230Arg);GRCh38,NC_000019.10:g.47839755G>C GRCh37,NC_000019.9:g.48343012G>C;CRX;Uncertain significance;Leber congenital amaurosis 7;1
1052842;NM_000554.6(CRX):c.203C>T (p.Ala68Val);GRCh38,NC_000019.10:g.47836345C>T GRCh37,NC_000019.9:g.48339602C>T;CRX;Likely benign;Leber congenital amaurosis 7;1
1051600;NM_000554.6(CRX):c.841A>G (p.Asn281Asp);GRCh38,NC_000019.10:g.47839908A>G GRCh37,NC_000019.9:g.48343165A>G;CRX;Uncertain significance;Cone-rod dystrophy 2;1
1051454;NM_000554.6(CRX):c.439C>T (p.Pro147Ser);GRCh38,NC_000019.10:g.47839506C>T GRCh37,NC_000019.9:g.48342763C>T;CRX;Uncertain significance;Cone-rod dystrophy 2;1
1047499;NM_000554.6(CRX):c.127C>A (p.Arg43Ser);GRCh38,NC_000019.10:g.47836269C>A GRCh37,NC_000019.9:g.48339526C>A;CRX;Uncertain significance;Cone-rod dystrophy 2;1
1041530;NM_000554.6(CRX):c.22G>C (p.Gly8Arg);GRCh38,NC_000019.10:g.47834465G>C GRCh37,NC_000019.9:g.48337722G>C;CRX;Conflicting classifications of pathogenicity;Inborn genetic diseases,Leber congenital amaurosis 7;1
1039633;NM_000554.6(CRX):c.593C>T (p.Ala198Val);GRCh38,NC_000019.10:g.47839660C>T GRCh37,NC_000019.9:g.48342917C>T;CRX;Uncertain significance;Leber congenital amaurosis 7;1
1038809;NM_000554.6(CRX):c.262A>G (p.Lys88Glu);GRCh38,NC_000019.10:g.47839329A>G GRCh37,NC_000019.9:g.48342586A>G;CRX;Uncertain significance;Cone-rod dystrophy 2;1
1037944;NM_000554.6(CRX):c.713C>A (p.Ser238Tyr);GRCh38,NC_000019.10:g.47839780C>A GRCh37,NC_000019.9:g.48343037C>A;CRX;Uncertain significance;Cone-rod dystrophy 2;1
1024649;NM_000554.6(CRX):c.626G>A (p.Gly209Glu);GRCh38,NC_000019.10:g.47839693G>A GRCh37,NC_000019.9:g.48342950G>A;CRX;Uncertain significance;Cone-rod dystrophy 2;1
1023327;NM_000554.6(CRX):c.11A>G (p.Tyr4Cys);GRCh38,NC_000019.10:g.47834454A>G GRCh37,NC_000019.9:g.48337711A>G;CRX;Uncertain significance;Leber congenital amaurosis 7,not provided;2
1020865;NM_000554.6(CRX):c.263A>G (p.Lys88Arg);GRCh38,NC_000019.10:g.47839330A>G GRCh37,NC_000019.9:g.48342587A>G;CRX;Conflicting classifications of pathogenicity;Cone-rod dystrophy 2,Leber congenital amaurosis 7,Retinitis pigmentosa,not provided;1
1018735;NM_000554.6(CRX):c.485T>C (p.Ile162Thr);GRCh38,NC_000019.10:g.47839552T>C GRCh37,NC_000019.9:g.48342809T>C;CRX;Uncertain significance;Leber congenital amaurosis 7;1
1011387;NM_000554.6(CRX):c.740C>T (p.Ala247Val);GRCh38,NC_000019.10:g.47839807C>T GRCh37,NC_000019.9:g.48343064C>T;CRX;Uncertain significance;Cone-rod dystrophy 2;1
981463;NM_000554.6(CRX):c.29A>G (p.His10Arg);GRCh38,NC_000019.10:g.47834472A>G GRCh37,NC_000019.9:g.48337729A>G;CRX;Uncertain significance;Usher syndrome;1
967632;NM_000554.6(CRX):c.487T>C (p.Trp163Arg);GRCh38,NC_000019.10:g.47839554T>C GRCh37,NC_000019.9:g.48342811T>C;CRX;Uncertain significance;Leber congenital amaurosis 7,not provided;2
965487;NM_000554.6(CRX):c.590C>T (p.Pro197Leu);GRCh38,NC_000019.10:g.47839657C>T GRCh37,NC_000019.9:g.48342914C>T;CRX;Conflicting classifications of pathogenicity;Inborn genetic diseases,Leber congenital amaurosis 7,Retinal dystrophy;1
956064;NM_000554.6(CRX):c.128G>A (p.Arg43His);GRCh38,NC_000019.10:g.47836270G>A GRCh37,NC_000019.9:g.48339527G>A;CRX;Pathogenic/Likely pathogenic;Leber congenital amaurosis 7,not provided;2
954048;NM_000554.6(CRX):c.343C>T (p.Arg115Trp);GRCh38,NC_000019.10:g.47839410C>T GRCh37,NC_000019.9:g.48342667C>T;CRX;Uncertain significance;Leber congenital amaurosis 7;1
951760;NM_000554.6(CRX):c.258G>C (p.Trp86Cys);GRCh38,NC_000019.10:g.47839325G>C GRCh37,NC_000019.9:g.48342582G>C;CRX;Uncertain significance;Cone-rod dystrophy 2;1
950982;NM_000554.6(CRX):c.344G>A (p.Arg115Gln);GRCh38,NC_000019.10:g.47839411G>A GRCh37,NC_000019.9:g.48342668G>A;CRX;Uncertain significance;Leber congenital amaurosis 7;1
943629;NM_000554.6(CRX):c.581C>A (p.Thr194Asn);GRCh38,NC_000019.10:g.47839648C>A GRCh37,NC_000019.9:g.48342905C>A;CRX;Uncertain significance;Cone-rod dystrophy 2;1
936963;NM_000554.6(CRX):c.433C>T (p.Pro145Ser);GRCh38,NC_000019.10:g.47839500C>T GRCh37,NC_000019.9:g.48342757C>T;CRX;Uncertain significance;Leber congenital amaurosis 7;1
931935;NM_000554.6(CRX):c.139A>C (p.Thr47Pro);GRCh38,NC_000019.10:g.47836281A>C GRCh37,NC_000019.9:g.48339538A>C;CRX;Uncertain significance;Retinitis pigmentosa;1
894659;NM_000554.6(CRX):c.565G>C (p.Ala189Pro);GRCh38,NC_000019.10:g.47839632G>C GRCh37,NC_000019.9:g.48342889G>C;CRX;Uncertain significance;Cone-rod dystrophy 2,Inborn genetic diseases,Leber congenital amaurosis 7,Leber congenital amaurosis 7,Retinitis pigmentosa;2
893436;NM_000554.6(CRX):c.460A>G (p.Thr154Ala);GRCh38,NC_000019.10:g.47839527A>G GRCh37,NC_000019.9:g.48342784A>G;CRX;Conflicting classifications of pathogenicity;Cone-rod dystrophy 2,Cone-rod dystrophy 2,Leber congenital amaurosis 7,Retinal dystrophy,Retinitis pigmentosa;1
893435;NM_000554.6(CRX):c.400G>A (p.Asp134Asn);GRCh38,NC_000019.10:g.47839467G>A GRCh37,NC_000019.9:g.48342724G>A;CRX;Uncertain significance;Cone-rod dystrophy 2,Leber congenital amaurosis 7,Retinitis pigmentosa;1
892658;NM_000554.6(CRX):c.616T>C (p.Ser206Pro);GRCh38,NC_000019.10:g.47839683T>C GRCh37,NC_000019.9:g.48342940T>C;CRX;Uncertain significance;Cone-rod dystrophy 2,Leber congenital amaurosis 7,Retinal dystrophy,Retinitis pigmentosa;2
872653;NM_000554.6(CRX):c.380C>A (p.Pro127His);GRCh38,NC_000019.10:g.47839447C>A GRCh37,NC_000019.9:g.48342704C>A;CRX;Uncertain significance;not provided;1
872652;NM_000554.6(CRX):c.206G>A (p.Arg69His);GRCh38,NC_000019.10:g.47836348G>A GRCh37,NC_000019.9:g.48339605G>A;CRX;Pathogenic/Likely pathogenic;Leber congenital amaurosis 7,Retinal dystrophy,not provided;2
867204;NM_000554.6(CRX):c.43G>C (p.Ala15Pro);GRCh38,NC_000019.10:g.47834486G>C GRCh37,NC_000019.9:g.48337743G>C;CRX;Uncertain significance;Cone-rod dystrophy 2,Retinal dystrophy;2
867106;NM_000554.6(CRX):c.378A>C (p.Arg126Ser);GRCh38,NC_000019.10:g.47839445A>C GRCh37,NC_000019.9:g.48342702A>C;CRX;Uncertain significance;Retinal dystrophy;1
866884;NM_000554.6(CRX):c.684_685delinsAA (p.Leu229Ile);GRCh38,NC_000019.10:g.47839751_47839752delinsAA GRCh37,NC_000019.9:g.48343008_48343009delinsAA;CRX;Uncertain significance;Cone-rod dystrophy 2,Retinal dystrophy;2
866266;NM_000554.6(CRX):c.873G>T (p.Gln291His);GRCh38,NC_000019.10:g.47839940G>T GRCh37,NC_000019.9:g.48343197G>T;CRX;Uncertain significance;Leber congenital amaurosis 7,Retinal dystrophy;2
865803;NM_000554.6(CRX):c.239A>G (p.Glu80Gly);GRCh38,NC_000019.10:g.47836381A>G GRCh37,NC_000019.9:g.48339638A>G;CRX;Pathogenic;Retinal dystrophy;1
864383;NM_000554.6(CRX):c.118C>T (p.Arg40Trp);GRCh38,NC_000019.10:g.47836260C>T GRCh37,NC_000019.9:g.48339517C>T;CRX;Pathogenic/Likely pathogenic;Cone-rod dystrophy 2,Leber congenital amaurosis 7,Retinal dystrophy,Retinitis pigmentosa,not provided;2
859372;NM_000554.6(CRX):c.491G>A (p.Ser164Asn);GRCh38,NC_000019.10:g.47839558G>A GRCh37,NC_000019.9:g.48342815G>A;CRX;Uncertain significance;Cone-rod dystrophy 2,Inborn genetic diseases;2
859152;NM_000554.6(CRX):c.464C>T (p.Thr155Met);GRCh38,NC_000019.10:g.47839531C>T GRCh37,NC_000019.9:g.48342788C>T;CRX;Uncertain significance;Cone-rod dystrophy 2,Inborn genetic diseases;2
853189;NM_000554.6(CRX):c.8C>T (p.Ala3Val);GRCh38,NC_000019.10:g.47834451C>T GRCh37,NC_000019.9:g.48337708C>T;CRX;Uncertain significance;CRX-related disorder,Cone-rod dystrophy 2,Retinal dystrophy;2
766776;NM_000554.6(CRX):c.367A>G (p.Thr123Ala);GRCh38,NC_000019.10:g.47839434A>G GRCh37,NC_000019.9:g.48342691A>G;CRX;Conflicting classifications of pathogenicity;Cone-rod dystrophy 2,Inborn genetic diseases;1
636021;NM_000554.6(CRX):c.684G>C (p.Gln228His);GRCh38,NC_000019.10:g.47839751G>C GRCh37,NC_000019.9:g.48343008G>C;CRX;Uncertain significance;Leber congenital amaurosis 7,Retinitis pigmentosa;1
636019;NM_000554.6(CRX):c.127C>T (p.Arg43Cys);GRCh38,NC_000019.10:g.47836269C>T GRCh37,NC_000019.9:g.48339526C>T;CRX;Pathogenic;Cone-rod dystrophy,Cone-rod dystrophy 2,Leber congenital amaurosis 7;2
560444;NM_000554.6(CRX):c.205C>T (p.Arg69Cys);GRCh38,NC_000019.10:g.47836347C>T GRCh37,NC_000019.9:g.48339604C>T;CRX;Pathogenic/Likely pathogenic;Cone-rod dystrophy 2,Retinal dystrophy,Retinitis pigmentosa,not provided;2
546387;NM_000554.6(CRX):c.568C>T (p.Pro190Ser);GRCh38,NC_000019.10:g.47839635C>T GRCh37,NC_000019.9:g.48342892C>T;CRX;Uncertain significance;Retinal dystrophy,not provided;1
498899;NM_000554.6(CRX):c.332A>G (p.Gln111Arg);GRCh38,NC_000019.10:g.47839399A>G GRCh37,NC_000019.9:g.48342656A>G;CRX;Uncertain significance;Leber congenital amaurosis 7,not provided;2
452003;NM_000554.6(CRX):c.269G>A (p.Arg90Gln);GRCh38,NC_000019.10:g.47839336G>A GRCh37,NC_000019.9:g.48342593G>A;CRX;Conflicting classifications of pathogenicity;Cone-rod dystrophy 2,Cone-rod dystrophy 2,not provided;1
450613;NM_000554.6(CRX):c.733T>C (p.Ser245Pro);GRCh38,NC_000019.10:g.47839800T>C GRCh37,NC_000019.9:g.48343057T>C;CRX;Uncertain significance;not provided;1
437959;NM_000554.6(CRX):c.119G>A (p.Arg40Gln);GRCh38,NC_000019.10:g.47836261G>A GRCh37,NC_000019.9:g.48339518G>A;CRX;Pathogenic/Likely pathogenic;Leber congenital amaurosis 7,Retinal dystrophy,not provided;2
329699;NM_000554.6(CRX):c.857T>C (p.Leu286Pro);GRCh38,NC_000019.10:g.47839924T>C GRCh37,NC_000019.9:g.48343181T>C;CRX;Uncertain significance;Cone-rod dystrophy 2,Cone-rod dystrophy 2,Inborn genetic diseases,Leber congenital amaurosis 7,Retinitis pigmentosa;2
329697;NM_000554.6(CRX):c.551C>T (p.Pro184Leu);GRCh38,NC_000019.10:g.47839618C>T GRCh37,NC_000019.9:g.48342875C>T;CRX;Benign/Likely benign;Cone-rod dystrophy 2,Cone-rod dystrophy 2,Leber congenital amaurosis 7,Retinitis pigmentosa,not provided,not specified;2
329694;NM_000554.6(CRX):c.78G>A (p.Met26Ile);GRCh38,NC_000019.10:g.47834521G>A GRCh37,NC_000019.9:g.48337778G>A;CRX;Uncertain significance;Cone-rod dystrophy 2,Inborn genetic diseases,Leber congenital amaurosis 7,Retinitis pigmentosa;2
329693;NM_000554.6(CRX):c.28C>G (p.His10Asp);GRCh38,NC_000019.10:g.47834471C>G GRCh37,NC_000019.9:g.48337728C>G;CRX;Conflicting classifications of pathogenicity;Cone-rod dystrophy 2,Leber congenital amaurosis 7,Leber congenital amaurosis 7,Retinal dystrophy,Retinitis pigmentosa,not provided;1
287182;NM_000554.6(CRX):c.403C>A (p.Pro135Thr);GRCh38,NC_000019.10:g.47839470C>A GRCh37,NC_000019.9:g.48342727C>A;CRX;Uncertain significance;not provided;1
216914;NM_000554.6(CRX):c.124G>A (p.Glu42Lys);GRCh38,NC_000019.10:g.47836266G>A GRCh37,NC_000019.9:g.48339523G>A;CRX;Conflicting classifications of pathogenicity;Leber congenital amaurosis 7,Leber congenital amaurosis 7,Retinal dystrophy;1
191106;NM_000554.6(CRX):c.274G>A (p.Ala92Thr);GRCh38,NC_000019.10:g.47839341G>A GRCh37,NC_000019.9:g.48342598G>A;CRX;Conflicting classifications of pathogenicity;Autosomal dominant retinitis pigmentosa,Leber congenital amaurosis 7,not provided;1
161470;NM_000554.6(CRX):c.107C>A (p.Pro36His);GRCh38,NC_000019.10:g.47836249C>A GRCh37,NC_000019.9:g.48339506C>A;CRX;Uncertain significance;Prostate cancer;0
143086;NM_000554.6(CRX):c.897G>C (p.Leu299Phe);GRCh38,NC_000019.10:g.47839964G>C GRCh37,NC_000019.9:g.48343221G>C;CRX;Conflicting classifications of pathogenicity;Cone-rod dystrophy 2,Retinal dystrophy,Retinitis pigmentosa;1
143085;NM_000554.6(CRX):c.193G>C (p.Asp65His);GRCh38,NC_000019.10:g.47836335G>C GRCh37,NC_000019.9:g.48339592G>C;CRX;Likely pathogenic;Retinal dystrophy,Retinitis pigmentosa;1
99624;NM_000554.6(CRX):c.818C>T (p.Thr273Met);GRCh38,NC_000019.10:g.47839885C>T GRCh37,NC_000019.9:g.48343142C>T;CRX;Uncertain significance;Cone-rod dystrophy 2,not provided;1
99621;NM_000554.6(CRX):c.724G>A (p.Val242Met);GRCh38,NC_000019.10:g.47839791G>A GRCh37,NC_000019.9:g.48343048G>A;CRX;Benign/Likely benign;Cone-rod dystrophy 2,Leber congenital amaurosis 1,Retinitis pigmentosa,not provided,not specified;2
99608;NM_000554.6(CRX):c.472G>A (p.Ala158Thr);GRCh38,NC_000019.10:g.47839539G>A GRCh37,NC_000019.9:g.48342796G>A;CRX;Benign/Likely benign;Cone-rod dystrophy 2,Leber congenital amaurosis 7,Leber congenital amaurosis 7,Leber congenital amaurosis 7,Retinal dystrophy,Retinitis pigmentosa,not provided,not specified;2
99605;NM_000554.6(CRX):c.425A>G (p.Tyr142Cys);GRCh38,NC_000019.10:g.47839492A>G GRCh37,NC_000019.9:g.48342749A>G;CRX;Conflicting classifications of pathogenicity;Autosomal dominant retinitis pigmentosa,CRX-related disorder,Cone-rod dystrophy 2,Cone-rod dystrophy 2,Leber congenital amaurosis 1,Leber congenital amaurosis 7,Retinal dystrophy,Retinitis pigmentosa,not provided;1
99604;NM_000554.6(CRX):c.365G>A (p.Gly122Asp);GRCh38,NC_000019.10:g.47839432G>A GRCh37,NC_000019.9:g.48342689G>A;CRX;Benign/Likely benign;Central core myopathy,Cone-rod dystrophy 2,Leber congenital amaurosis 7,Leber congenital amaurosis 7,Retinal dystrophy,Retinitis pigmentosa,not provided,not specified;2
99602;NM_000554.6(CRX):c.335C>T (p.Ala112Val);GRCh38,NC_000019.10:g.47839402C>T GRCh37,NC_000019.9:g.48342659C>T;CRX;Uncertain significance;Cone-rod dystrophy 2,Retinal dystrophy,not provided;2
99599;NM_000554.6(CRX):c.238G>A (p.Glu80Lys);GRCh38,NC_000019.10:g.47836380G>A GRCh37,NC_000019.9:g.48339637G>A;CRX;Pathogenic;Leber congenital amaurosis 7,maculopathy,not provided;1
99597;NM_000554.6(CRX):c.196G>A (p.Val66Ile);GRCh38,NC_000019.10:g.47836338G>A GRCh37,NC_000019.9:g.48339595G>A;CRX;Benign/Likely benign;Cone-rod dystrophy 2,Cone-rod dystrophy 2,Leber congenital amaurosis 1,Leber congenital amaurosis 7,Retinal dystrophy,Retinitis pigmentosa,not provided,not specified;2
99596;NM_000554.6(CRX):c.166G>A (p.Ala56Thr);GRCh38,NC_000019.10:g.47836308G>A GRCh37,NC_000019.9:g.48339565G>A;CRX;Likely pathogenic;Leber congenital amaurosis 7,not provided;1
7422;NM_000554.6(CRX):c.268C>T (p.Arg90Trp);GRCh38,NC_000019.10:g.47839335C>T GRCh37,NC_000019.9:g.48342592C>T;CRX;Pathogenic/Likely pathogenic;Leber congenital amaurosis 7,Leber congenital amaurosis 7,Retinal dystrophy,not provided;2
7421;NM_000554.6(CRX):c.122G>A (p.Arg41Gln);GRCh38,NC_000019.10:g.47836264G>A GRCh37,NC_000019.9:g.48339521G>A;CRX;Pathogenic/Likely pathogenic;CRX-related disorder,Cone-rod dystrophy,Cone-rod dystrophy 2,Cone-rod dystrophy 2,Inborn genetic diseases,Retinal dystrophy,not provided;2
7418;NM_000554.6(CRX):c.121C>T (p.Arg41Trp);GRCh38,NC_000019.10:g.47836263C>T GRCh37,NC_000019.9:g.48339520C>T;CRX;Pathogenic/Likely pathogenic;Cone-rod dystrophy,Cone-rod dystrophy 2,Leber congenital amaurosis 7,Retinal dystrophy,Retinitis pigmentosa,not provided;2
7416;NM_000554.6(CRX):c.239A>C (p.Glu80Ala);GRCh38,NC_000019.10:g.47836381A>C GRCh37,NC_000019.9:g.48339638A>C;CRX;Pathogenic;Cone-rod dystrophy 2,Leber congenital amaurosis 7,not provided;2
