Gene name	Accession Number	Gene CDS length	HGNC ID	Sample name	ID_sample	ID_tumour	Primary site	Site subtype 1	Site subtype 2	Site subtype 3	Primary histology	Histology subtype 1	Histology subtype 2	Histology subtype 3	Genome-wide screen	GENOMIC_MUTATION_ID	LEGACY_MUTATION_ID	MUTATION_ID	Mutation CDS	Mutation AA	Mutation Description	Mutation zygosity	LOH	GRCh	Mutation genome position	Mutation strand	Resistance Mutation	Mutation somatic status	Pubmed_PMID	ID_STUDY	Sample Type	Tumour origin	Age	HGVSP	HGVSC	HGVSG
SUMO3	ENST00000411651.6	426	11124	GBC_19	2907865	2762048	biliary_tract	gallbladder	NS	NS	carcinoma	adenocarcinoma	NS	NS	y	COSV105904031	COSN32289681	121680318	c.336+620C>G	p.?	Unknown			38	21:44808427-44808427	-	-	Variant of unknown origin	33563892		surgery-fixed	NS	55		ENST00000411651.6:c.336+620C>G	21:g.44808427G>C
SUMO3	ENST00000411651.6	426	11124	GBC_19	2907865	2762048	biliary_tract	gallbladder	NS	NS	carcinoma	adenocarcinoma	NS	NS	y	COSV105904032	COSN32289682	121680325	c.336+617C>A	p.?	Unknown			38	21:44808430-44808430	-	-	Variant of unknown origin	33563892		surgery-fixed	NS	55		ENST00000411651.6:c.336+617C>A	21:g.44808430G>T
SUMO3	ENST00000411651.6	426	11124	GBNEC_12	2907843	2762026	biliary_tract	gallbladder	NS	NS	carcinoma	small_cell_carcinoma	NS	NS	y	COSV105904027	COSN32289163	121680941	c.336+654C>T	p.?	Unknown			38	21:44808393-44808393	-	-	Variant of unknown origin	33563892		surgery-fixed	NS	59		ENST00000411651.6:c.336+654C>T	21:g.44808393G>A
SUMO3	ENST00000411651.6	426	11124	LUAD-F00282	1765236	1669556	lung	NS	NS	NS	carcinoma	adenocarcinoma	NS	NS	y	COSV60538654	COSM367313	121679986	c.312C>T	p.I104=	Substitution - coding silent			38	21:44809071-44809071	-	-	Variant of unknown origin	22980975		surgery - NOS	primary	63	ENSP00000409666.2:p.Ile104=	ENST00000411651.6:c.312C>T	21:g.44809071G>A
SUMO3	ENST00000411651.6	426	11124	HX13T	1919258	1806579	liver	NS	NS	NS	carcinoma	NS	NS	NS	y	COSV60538669	COSN1257548	121679816	c.265-2095T>C	p.?	Unknown	het		38	21:44811213-44811213	-	-	Variant of unknown origin		323	fresh/frozen - NOS	primary			ENST00000411651.6:c.265-2095T>C	21:g.44811213A>G
SUMO3	ENST00000411651.6	426	11124	TCGA-78-7160-01	1914064	1802346	lung	right_lower_lobe	NS	NS	carcinoma	adenocarcinoma	NS	NS	y	COSV60538006	COSM6161569	121679612	c.347A>G	p.E116G	Substitution - Missense			38	21:44807030-44807030	-	-	Variant of unknown origin		417	fresh/frozen - NOS	primary	61	ENSP00000409666.2:p.Glu116Gly	ENST00000411651.6:c.347A>G	21:g.44807030T>C
SUMO3	ENST00000411651.6	426	11124	GBC_6	2907852	2762035	biliary_tract	gallbladder	NS	NS	carcinoma	adenocarcinoma	NS	NS	y	COSV105904028	COSN32289440	121680738	c.336+690del	p.?	Unknown			38	21:44808363-44808363	-	-	Variant of unknown origin	33563892		surgery-fixed	NS	85		ENST00000411651.6:c.336+690del	21:g.44808363del
SUMO3	ENST00000411651.6	426	11124	GBC_6	2907852	2762035	biliary_tract	gallbladder	NS	NS	carcinoma	adenocarcinoma	NS	NS	y	COSV105904029	COSN32289435	121680746	c.336+662G>A	p.?	Unknown			38	21:44808385-44808385	-	-	Variant of unknown origin	33563892		surgery-fixed	NS	85		ENST00000411651.6:c.336+662G>A	21:g.44808385C>T
SUMO3	ENST00000411651.6	426	11124	GBC_20	2907866	2762049	biliary_tract	gallbladder	NS	NS	carcinoma	adenocarcinoma	NS	NS	y	COSV105904034	COSN32289708	121680721	c.336+602T>C	p.?	Unknown			38	21:44808445-44808445	-	-	Variant of unknown origin	33563892		surgery-fixed	NS	86		ENST00000411651.6:c.336+602T>C	21:g.44808445A>G
SUMO3	ENST00000411651.6	426	11124	LUAD-NYU575	1765184	1669504	lung	NS	NS	NS	carcinoma	adenocarcinoma	NS	NS	y	COSV60538478	COSM375060	121679579	c.414G>A	p.G138=	Substitution - coding silent			38	21:44806963-44806963	-	-	Variant of unknown origin	22980975		surgery - NOS	primary	61	ENSP00000409666.2:p.Gly138=	ENST00000411651.6:c.414G>A	21:g.44806963C>T
SUMO3	ENST00000411651.6	426	11124	RK023_C01	1918818	1806139	liver	NS	NS	NS	carcinoma	NS	NS	NS	y	COSV60538165	COSN1894074	121679829	c.337-469G>A	p.?	Unknown	het		38	21:44807509-44807509	-	-	Variant of unknown origin		322	fresh/frozen - NOS	primary			ENST00000411651.6:c.337-469G>A	21:g.44807509C>T
SUMO3	ENST00000411651.6	426	11124	Gp2D	2301973	2167256	large_intestine	NS	NS	NS	carcinoma	adenocarcinoma	NS	NS	y	COSV60537773	COSM2821397	121679600	c.29T>C	p.V10A	Substitution - Missense	het		38	21:44814097-44814097	-	-	Variant of unknown origin	24755471		cell-line	NS		ENSP00000409666.2:p.Val10Ala	ENST00000411651.6:c.29T>C	21:g.44814097A>G
SUMO3	ENST00000411651.6	426	11124	TCGA-23-2643-01	1731187	1637153	ovary	NS	NS	NS	carcinoma	serous_carcinoma	NS	NS	y	COSV60538506	COSM1327369	121680515	c.81C>A	p.S27=	Substitution - coding silent	het		38	21:44814045-44814045	-	-	Variant of unknown origin		331	NS	primary	74	ENSP00000409666.2:p.Ser27=	ENST00000411651.6:c.81C>A	21:g.44814045G>T
SUMO3	ENST00000411651.6	426	11124	ORL-48	2296300	2161903	upper_aerodigestive_tract	head_neck	NS	NS	carcinoma	squamous_cell_carcinoma	NS	NS	y	COSV60537671	COSM4591231	121679342	c.205G>T	p.V69F	Substitution - Missense			38	21:44813921-44813921	-	-	Reported in another cancer sample as somatic	25275298		cell-line	NS	79	ENSP00000409666.2:p.Val69Phe	ENST00000411651.6:c.205G>T	21:g.44813921C>A
SUMO3	ENST00000411651.6	426	11124	Gp5D	2301974	2167257	large_intestine	NS	NS	NS	carcinoma	adenocarcinoma	NS	NS	y	COSV60537773	COSM2821397	121679600	c.29T>C	p.V10A	Substitution - Missense	het		38	21:44814097-44814097	-	-	Variant of unknown origin	24755471		cell-line	NS		ENSP00000409666.2:p.Val10Ala	ENST00000411651.6:c.29T>C	21:g.44814097A>G
SUMO3	ENST00000411651.6	426	11124	LUAD-S01354	1765180	1669500	lung	NS	NS	NS	carcinoma	adenocarcinoma	NS	NS	y	COSV60537690	COSM385921	121679440	c.66C>T	p.A22=	Substitution - coding silent			38	21:44814060-44814060	-	-	Reported in another cancer sample as somatic	22980975		surgery - NOS	primary	49	ENSP00000409666.2:p.Ala22=	ENST00000411651.6:c.66C>T	21:g.44814060G>A
SUMO3	ENST00000411651.6	426	11124	WSU-HN30	2296299	2161902	upper_aerodigestive_tract	head_neck	NS	NS	carcinoma	squamous_cell_carcinoma	NS	NS	y	COSV60537671	COSM4591231	121679342	c.205G>T	p.V69F	Substitution - Missense			38	21:44813921-44813921	-	-	Reported in another cancer sample as somatic	25275298		cell-line	NS		ENSP00000409666.2:p.Val69Phe	ENST00000411651.6:c.205G>T	21:g.44813921C>A
SUMO3	ENST00000411651.6	426	11124	ESO-1060	1890880	1780249	oesophagus	NS	NS	NS	carcinoma	adenocarcinoma	NS	NS	y	COSV60538663	COSM1267027	121680417	c.99C>G	p.I33M	Substitution - Missense			38	21:44814027-44814027	-	-	Variant of unknown origin	23525077		surgery fresh/frozen	primary	78	ENSP00000409666.2:p.Ile33Met	ENST00000411651.6:c.99C>G	21:g.44814027G>C
SUMO3	ENST00000411651.6	426	11124	RK190_C01	2194733	2063011	liver	NS	NS	NS	carcinoma	NS	NS	NS	y	COSV58369573	COSN5988063	121679662	c.*1028C>A	p.?	Unknown			38	21:44805923-44805923	-	-	Confirmed somatic variant		322	NS	NS			ENST00000411651.6:c.*1028C>A	21:g.44805923G>T
SUMO3	ENST00000411651.6	426	11124	GBNEC_14	2907845	2762028	biliary_tract	gallbladder	NS	NS	carcinoma	small_cell_carcinoma	NS	NS	y	COSV105904035	COSN32289230	121680891	c.336+689_336+690del	p.?	Unknown			38	21:44808362-44808363	-	-	Variant of unknown origin	33563892		surgery-fixed	NS	60		ENST00000411651.6:c.336+689_336+690del	21:g.44808362_44808363del
SUMO3	ENST00000411651.6	426	11124	PD11336a	1749302	1654143	breast	NS	NS	NS	carcinoma	ductal_carcinoma	NS	NS	y	COSV60537894	COSN22262076	121679940	c.336+680C>A	p.?	Unknown			38	21:44808367-44808367	-	-	Confirmed somatic variant		652	NS	NS			ENST00000411651.6:c.336+680C>A	21:g.44808367G>T
SUMO3	ENST00000411651.6	426	11124	H2085	2776326	2634462	lung	NS	NS	NS	carcinoma	adenocarcinoma	NS	NS	y	COSV99063818	COSN30044177	121679799	c.*17C>G	p.?	Unknown			38	21:44806934-44806934	-	-	Reported in another cancer sample as somatic	29681454		NS	NS	45		ENST00000411651.6:c.*17C>G	21:g.44806934G>C
SUMO3	ENST00000411651.6	426	11124	WSU-HN13	2296298	2161901	upper_aerodigestive_tract	head_neck	NS	NS	carcinoma	squamous_cell_carcinoma	NS	NS	y	COSV60537671	COSM4591231	121679342	c.205G>T	p.V69F	Substitution - Missense			38	21:44813921-44813921	-	-	Reported in another cancer sample as somatic	25275298		cell-line	NS		ENSP00000409666.2:p.Val69Phe	ENST00000411651.6:c.205G>T	21:g.44813921C>A
SUMO3	ENST00000411651.6	426	11124	EXTERN_MELA_20140924_029	2839375	2695141	skin	lower_leg	NS	NS	malignant_melanoma	NS	NS	NS	y	COSV104655065	COSN31976394	121680851	c.336+671C>T	p.?	Unknown			38	21:44808376-44808376	-	-	Confirmed somatic variant	28467829		surgery fresh/frozen	metastasis			ENST00000411651.6:c.336+671C>T	21:g.44808376G>A
SUMO3	ENST00000411651.6	426	11124	TCGA-D1-A167-01	1783503	1687502	endometrium	NS	NS	NS	carcinoma	endometrioid_carcinoma	NS	NS	y	COSV60537757	COSN1083105	121679476	c.*18C>T	p.?	Unknown	het		38	21:44806933-44806933	-	-	Reported in another cancer sample as somatic		419	fresh/frozen - NOS	primary	70		ENST00000411651.6:c.*18C>T	21:g.44806933G>A
SUMO3	ENST00000411651.6	426	11124	WGC003610	2785105	2645221	biliary_tract	bile_duct	NS	NS	carcinoma	adenocarcinoma	NS	NS	y	COSV60537671	COSM4591231	121679342	c.205G>T	p.V69F	Substitution - Missense			38	21:44813921-44813921	-	-	Confirmed somatic variant	25526346		surgery fresh/frozen	primary	48	ENSP00000409666.2:p.Val69Phe	ENST00000411651.6:c.205G>T	21:g.44813921C>A
SUMO3	ENST00000411651.6	426	11124	TCGA-CV-7427-01	2193557	2061835	upper_aerodigestive_tract	head_neck	NS	NS	carcinoma	squamous_cell_carcinoma	NS	NS	y	COSV100254435	COSM8368729	121679586	c.384G>A	p.T128=	Substitution - coding silent			38	21:44806993-44806993	-	-	Confirmed somatic variant		627	NS	NS	73	ENSP00000409666.2:p.Thr128=	ENST00000411651.6:c.384G>A	21:g.44806993C>T
SUMO3	ENST00000411651.6	426	11124	93VU147T	2296308	2161911	upper_aerodigestive_tract	head_neck	NS	NS	carcinoma	squamous_cell_carcinoma	NS	NS	y	COSV60537671	COSM4591231	121679342	c.205G>T	p.V69F	Substitution - Missense			38	21:44813921-44813921	-	-	Reported in another cancer sample as somatic	25275298		cell-line	NS	58	ENSP00000409666.2:p.Val69Phe	ENST00000411651.6:c.205G>T	21:g.44813921C>A
SUMO3	ENST00000411651.6	426	11124	GCYC_157_T	2747576	2606279	stomach	NS	NS	NS	carcinoma	NS	NS	NS	y	COSV100254280	COSN30190114	121679678	c.*24G>A	p.?	Unknown			38	21:44806927-44806927	-	-	Confirmed somatic variant		683	NS	primary			ENST00000411651.6:c.*24G>A	21:g.44806927C>T
SUMO3	ENST00000411651.6	426	11124	BHY	2296290	2161893	upper_aerodigestive_tract	head_neck	NS	NS	carcinoma	squamous_cell_carcinoma	NS	NS	y	COSV60537671	COSM4591231	121679342	c.205G>T	p.V69F	Substitution - Missense			38	21:44813921-44813921	-	-	Reported in another cancer sample as somatic	25275298		cell-line	NS	52	ENSP00000409666.2:p.Val69Phe	ENST00000411651.6:c.205G>T	21:g.44813921C>A
SUMO3	ENST00000411651.6	426	11124	PD13607a	1889496	1778936	breast	NS	NS	NS	carcinoma	ductal_carcinoma	NS	NS	y	COSV58368128	COSN21411791	121679375	c.*1192T>A	p.?	Unknown			38	21:44805759-44805759	-	-	Confirmed somatic variant		652	NS	NS			ENST00000411651.6:c.*1192T>A	21:g.44805759A>T
SUMO3	ENST00000411651.6	426	11124	H2086	2776260	2634396	lung	NS	NS	NS	carcinoma	adenocarcinoma	NS	NS	y	COSV99063818	COSN30044177	121679799	c.*17C>G	p.?	Unknown			38	21:44806934-44806934	-	-	Reported in another cancer sample as somatic	29681454		NS	NS	45		ENST00000411651.6:c.*17C>G	21:g.44806934G>C
SUMO3	ENST00000411651.6	426	11124	TCGA-EY-A1GF-01	2198449	2066727	endometrium	NS	NS	NS	carcinoma	endometrioid_carcinoma	NS	NS	y	COSV100254292	COSM9004641	121679493	c.280C>T	p.Q94*	Substitution - Nonsense			38	21:44809103-44809103	-	-	Confirmed somatic variant		419	NS	NS	75	ENSP00000409666.2:p.Gln94Ter	ENST00000411651.6:c.280C>T	21:g.44809103G>A
SUMO3	ENST00000411651.6	426	11124	TCGA-EY-A1GF-01	2198449	2066727	endometrium	NS	NS	NS	carcinoma	endometrioid_carcinoma	NS	NS	y	COSV100254290	COSN31578672	121679486	c.*1325G>T	p.?	Unknown			38	21:44805626-44805626	-	-	Confirmed somatic variant		419	NS	NS	75		ENST00000411651.6:c.*1325G>T	21:g.44805626C>A
SUMO3	ENST00000411651.6	426	11124	8053200	2121181	1995417	pancreas	NS	NS	NS	carcinoma	ductal_carcinoma	NS	NS	y	COSV58368628	COSN8012019	121680814	c.*928A>C	p.?	Unknown			38	21:44806023-44806023	-	-	Confirmed somatic variant		328	NS	NS			ENST00000411651.6:c.*928A>C	21:g.44806023T>G
SUMO3	ENST00000411651.6	426	11124	B1-CaA	2633641	2494037	large_intestine	NS	NS	NS	carcinoma	adenocarcinoma	NS	NS	y	COSV60538318	COSN26440439	121679909	c.336+575C>T	p.?	Unknown			38	21:44808472-44808472	-	-	Confirmed somatic variant		646	NS	primary	48		ENST00000411651.6:c.336+575C>T	21:g.44808472G>A
SUMO3	ENST00000411651.6	426	11124	HCC4021	2776349	2634485	lung	NS	NS	NS	carcinoma	adenocarcinoma	NS	NS	y	COSV99063818	COSN30044177	121679799	c.*17C>G	p.?	Unknown			38	21:44806934-44806934	-	-	Reported in another cancer sample as somatic	29681454		NS	NS	68		ENST00000411651.6:c.*17C>G	21:g.44806934G>C
SUMO3	ENST00000411651.6	426	11124	RK308_C01	2194686	2062964	liver	NS	NS	NS	carcinoma	NS	NS	NS	y	COSV58369548	COSN5988064	121680594	c.*613C>T	p.?	Unknown			38	21:44806338-44806338	-	-	Confirmed somatic variant		322	NS	NS			ENST00000411651.6:c.*613C>T	21:g.44806338G>A
SUMO3	ENST00000411651.6	426	11124	pros_04_dx	2688206	2547188	haematopoietic_and_lymphoid_tissue	NS	NS	NS	haematopoietic_neoplasm	acute_myeloid_leukaemia	NS	NS	y	COSV60537838	COSM3766670	121679472	c.178C>G	p.L60V	Substitution - Missense			38	21:44813948-44813948	-	-	Confirmed somatic variant		544	blood-bone marrow	primary	62	ENSP00000409666.2:p.Leu60Val	ENST00000411651.6:c.178C>G	21:g.44813948G>C
SUMO3	ENST00000411651.6	426	11124	TCGA-D5-6928-01	1651267	1566054	large_intestine	colon	ascending	NS	carcinoma	adenocarcinoma	NS	NS	y	COSV60538032	COSM1414442	121680215	c.111G>A	p.T37=	Substitution - coding silent			38	21:44814015-44814015	-	-	Confirmed somatic variant		376	NS	NS	80	ENSP00000409666.2:p.Thr37=	ENST00000411651.6:c.111G>A	21:g.44814015C>T
SUMO3	ENST00000411651.6	426	11124	TCGA-D5-6928-01	1651267	1566054	large_intestine	colon	ascending	NS	carcinoma	adenocarcinoma	NS	NS	y	COSV60538032	COSM1414442	121680215	c.111G>A	p.T37=	Substitution - coding silent			38	21:44814015-44814015	-	-	Confirmed somatic variant	22810696	376	NS	NS	80	ENSP00000409666.2:p.Thr37=	ENST00000411651.6:c.111G>A	21:g.44814015C>T
SUMO3	ENST00000411651.6	426	11124	TCGA-ER-A19P-06	2121726	1995962	skin	NS	NS	NS	malignant_melanoma	NS	NS	NS	y	COSV100254524	COSN30466143	121680057	c.*33C>A	p.?	Unknown			38	21:44806918-44806918	-	-	Confirmed somatic variant		540	NS	NS	47		ENST00000411651.6:c.*33C>A	21:g.44806918G>T
SUMO3	ENST00000411651.6	426	11124	5-VS023-T2	2869844	2724841	skin	NS	NS	NS	carcinoma	basal_cell_carcinoma	NS	NS	y	COSV105194279	COSM9717264	121679900	c.386G>A	p.G129E	Substitution - Missense			38	21:44806991-44806991	-	-	Confirmed somatic variant	26950094		surgery fresh/frozen	NS	75	ENSP00000409666.2:p.Gly129Glu	ENST00000411651.6:c.386G>A	21:g.44806991C>T
SUMO3	ENST00000411651.6	426	11124	C0094T	2197642	2065920	kidney	NS	NS	NS	NS	NS	NS	NS	y	COSV60538495	COSN10027345	121679554	c.264+1211C>G	p.?	Unknown			38	21:44812651-44812651	-	-	Confirmed somatic variant		588	NS	NS			ENST00000411651.6:c.264+1211C>G	21:g.44812651G>C
SUMO3	ENST00000411651.6	426	11124	TCGA-AJ-A3IA-01	2198459	2066737	endometrium	NS	NS	NS	carcinoma	endometrioid_carcinoma	NS	NS	y	COSV100254542	COSM8953276	121680230	c.151G>C	p.V51L	Substitution - Missense			38	21:44813975-44813975	-	-	Confirmed somatic variant		419	NS	NS	77	ENSP00000409666.2:p.Val51Leu	ENST00000411651.6:c.151G>C	21:g.44813975C>G
SUMO3	ENST00000411651.6	426	11124	TCGA-38-4629-01	1780093	1684092	lung	NS	NS	NS	carcinoma	adenocarcinoma	NS	NS	y	COSV100254382	COSN30187466	121680147	c.336+46G>A	p.?	Unknown			38	21:44809001-44809001	-	-	Confirmed somatic variant		417	fresh/frozen - NOS	primary	68		ENST00000411651.6:c.336+46G>A	21:g.44809001C>T
SUMO3	ENST00000411651.6	426	11124	628-05-01TD	2385287	2248119	haematopoietic_and_lymphoid_tissue	NS	NS	NS	lymphoid_neoplasm	chronic_lymphocytic_leukaemia-small_lymphocytic_lymphoma	NS	NS	y	COSV60538202	COSN19308122	121680060	c.337-489G>T	p.?	Unknown			38	21:44807529-44807529	-	-	Confirmed somatic variant		340	blood	primary	40		ENST00000411651.6:c.337-489G>T	21:g.44807529C>A
SUMO3	ENST00000411651.6	426	11124	TCGA-D3-A2JB-06	2121514	1995750	skin	NS	NS	NS	malignant_melanoma	NS	NS	NS	y	COSV100254305	COSN30452588	121679641	c.336+38C>A	p.?	Unknown			38	21:44809009-44809009	-	-	Confirmed somatic variant		540	NS	NS	70		ENST00000411651.6:c.336+38C>A	21:g.44809009G>T
SUMO3	ENST00000411651.6	426	11124	T242594	2658263	2518422	large_intestine	NS	NS	NS	carcinoma	adenocarcinoma	NS	NS	y	COSV60537757	COSN1083105	121679476	c.*18C>T	p.?	Unknown			38	21:44806933-44806933	-	-	Confirmed somatic variant	27149842		NS	NS	84.33		ENST00000411651.6:c.*18C>T	21:g.44806933G>A
SUMO3	ENST00000411651.6	426	11124	ML_108_T_01	2386300	2249132	skin	NS	NS	NS	carcinoma	NS	NS	NS	y	COSV60538563	COSN17949578	121680763	c.22-418T>C	p.?	Unknown			38	21:44814522-44814522	-	-	Confirmed somatic variant		656	NS	primary	50		ENST00000411651.6:c.22-418T>C	21:g.44814522A>G
SUMO3	ENST00000411651.6	426	11124	TCGA-BS-A0UA-01	1783472	1687471	endometrium	NS	NS	NS	carcinoma	endometrioid_carcinoma	NS	NS	y	COSV60538000	COSN499917	121679515	c.336+44G>A	p.?	Unknown			38	21:44809003-44809003	-	-	Confirmed somatic variant		419	fresh/frozen - NOS	primary	68		ENST00000411651.6:c.336+44G>A	21:g.44809003C>T
SUMO3	ENST00000411651.6	426	11124	TCGA-FB-A5VM-01	2196536	2064814	pancreas	NS	NS	NS	carcinoma	ductal_carcinoma	NS	NS	y	COSV100254540	COSM8433291	121679857	c.282G>A	p.Q94=	Substitution - coding silent			38	21:44809101-44809101	-	-	Confirmed somatic variant		629	NS	NS	74	ENSP00000409666.2:p.Gln94=	ENST00000411651.6:c.282G>A	21:g.44809101C>T
SUMO3	ENST00000411651.6	426	11124	PD4255a	1351158	1261398	breast	NS	NS	NS	carcinoma	ductal_carcinoma	NS	NS	y	COSV60537767	COSN21053309	121679930	c.265-196G>T	p.?	Unknown			38	21:44809314-44809314	-	-	Confirmed somatic variant		652	NS	primary			ENST00000411651.6:c.265-196G>T	21:g.44809314C>A
SUMO3	ENST00000411651.6	426	11124	I2L-P24Ta-Tumor-Biopsy	2433483	2296364	large_intestine	colon	sigmoid	NS	carcinoma	adenocarcinoma	NS	NS	y	COSV60537838	COSM3766670	121679472	c.178C>G	p.L60V	Substitution - Missense	het		38	21:44813948-44813948	-	-	Confirmed somatic variant	25957691		NS	NS	60	ENSP00000409666.2:p.Leu60Val	ENST00000411651.6:c.178C>G	21:g.44813948G>C
SUMO3	ENST00000411651.6	426	11124	TCGA-C5-A3HE-01	2262708	2129692	cervix	NS	NS	NS	carcinoma	squamous_cell_carcinoma	NS	NS	y	COSV60538275	COSM4827692	121680400	c.363C>T	p.I121=	Substitution - coding silent			38	21:44807014-44807014	-	-	Confirmed somatic variant		415	NS	primary	44	ENSP00000409666.2:p.Ile121=	ENST00000411651.6:c.363C>T	21:g.44807014G>A
SUMO3	ENST00000411651.6	426	11124	PT37	2521294	2383637	skin	NS	NS	NS	carcinoma	basal_cell_carcinoma	NS	NS	y	COSV60538676	COSM5921814	121679950	c.112C>T	p.P38S	Substitution - Missense			38	21:44814014-44814014	-	-	Confirmed somatic variant	25759019		surgery fresh/frozen	NS		ENSP00000409666.2:p.Pro38Ser	ENST00000411651.6:c.112C>T	21:g.44814014G>A
SUMO3	ENST00000411651.6	426	11124	TCGA-G4-6625-01	1651338	1566125	large_intestine	colon	sigmoid	NS	carcinoma	adenocarcinoma	NS	NS	y	COSV60537898	COSN18441052	121679807	c.337-148A>C	p.?	Unknown			38	21:44807188-44807188	-	-	Confirmed somatic variant	22810696	376	NS	NS	77		ENST00000411651.6:c.337-148A>C	21:g.44807188T>G
SUMO3	ENST00000411651.6	426	11124	CHC2111T	2339315	2204298	liver	NS	NS	NS	carcinoma	hepatocellular_carcinoma	NS	NS	y	COSV60538486	COSN24994866	121679648	c.21+139_21+140del	p.?	Unknown			38	21:44817808-44817809	-	-	Confirmed somatic variant		381	NS	primary	56		ENST00000411651.6:c.21+139_21+140del	21:g.44817808_44817809del
SUMO3	ENST00000411651.6	426	11124	ZZUFHECRKL-G071T	2456991	2319828	oesophagus	NS	NS	NS	carcinoma	squamous_cell_carcinoma	NS	NS	y	COSV60537641	COSM5438967	121679972	c.163G>A	p.A55T	Substitution - Missense			38	21:44813963-44813963	-	-	Confirmed somatic variant		582	NS	primary	74	ENSP00000409666.2:p.Ala55Thr	ENST00000411651.6:c.163G>A	21:g.44813963C>T
SUMO3	ENST00000411651.6	426	11124	TCGA-CM-6674-01	1651235	1566022	large_intestine	colon	ascending	NS	carcinoma	adenocarcinoma	NS	NS	y	COSV60537793	COSN18361297	121680129	c.22-1220C>G	p.?	Unknown			38	21:44815324-44815324	-	-	Confirmed somatic variant	22810696	376	NS	NS	39		ENST00000411651.6:c.22-1220C>G	21:g.44815324G>C
SUMO3	ENST00000411651.6	426	11124	LP6008221-DNA_C02	2688169	2547151	oesophagus	NS	NS	NS	carcinoma	adenocarcinoma	NS	NS	y	COSV60538454	COSN27065845	121679670	c.264+704C>T	p.?	Unknown			38	21:44813158-44813158	-	-	Confirmed somatic variant		535	NS	primary	56		ENST00000411651.6:c.264+704C>T	21:g.44813158G>A
SUMO3	ENST00000411651.6	426	11124	Sample_1	2371952	2234745	bone	femur	NS	NS	osteosarcoma	NS	NS	NS	y	COSV60537720	COSN15665572	121679689	c.336+532del	p.?	Unknown	het		38	21:44808524-44808524	-	-	Confirmed somatic variant	25496518		surgery - NOS	NS	16		ENST00000411651.6:c.336+532del	21:g.44808524del
SUMO3	ENST00000411651.6	426	11124	TCGA-G4-6304-01	1651323	1566110	large_intestine	colon	transverse	NS	carcinoma	adenocarcinoma	NS	NS	y	COSV60538325	COSN18427110	121680065	c.336+576G>A	p.?	Unknown			38	21:44808471-44808471	-	-	Confirmed somatic variant	22810696	376	NS	NS	66		ENST00000411651.6:c.336+576G>A	21:g.44808471C>T
SUMO3	ENST00000411651.6	426	11124	T96	1689653	1597930	prostate	NS	NS	NS	carcinoma	adenocarcinoma	NS	NS	y	COSV60537804	COSM241805	121679997	c.102G>T	p.K34N	Substitution - Missense			38	21:44814024-44814024	-	-	Confirmed somatic variant	22722839		NS	primary	65	ENSP00000409666.2:p.Lys34Asn	ENST00000411651.6:c.102G>T	21:g.44814024C>A
SUMO3	ENST00000411651.6	426	11124	SJHGG099_D	2307419	2172623	central_nervous_system	brain	NS	NS	glioma	astrocytoma_Grade_IV	glioblastoma_multiforme	NS	y	COSV60538646	COSM4971779	121680498	c.22-1G>A	p.?	Unknown			38	21:44814105-44814105	-	-	Confirmed somatic variant	24705251		surgery - NOS	NS	3		ENST00000411651.6:c.22-1G>A	21:g.44814105C>T
SUMO3	ENST00000411651.6	426	11124	SJHGG099_D	2307419	2172623	central_nervous_system	brain	NS	NS	glioma	astrocytoma_Grade_IV	glioblastoma_multiforme	NS	y	COSV60538635	COSM4971777	121680486	c.24G>A	p.E8=	Substitution - coding silent			38	21:44814102-44814102	-	-	Confirmed somatic variant	24705251		surgery - NOS	NS	3	ENSP00000409666.2:p.Glu8=	ENST00000411651.6:c.24G>A	21:g.44814102C>T
SUMO3	ENST00000411651.6	426	11124	TCGA-DI-A1BU-01	2198300	2066578	endometrium	NS	NS	NS	carcinoma	endometrioid_carcinoma	NS	NS	y	COSV100254333	COSM9050881	121679820	c.44A>T	p.D15V	Substitution - Missense			38	21:44814082-44814082	-	-	Confirmed somatic variant		419	NS	NS	55	ENSP00000409666.2:p.Asp15Val	ENST00000411651.6:c.44A>T	21:g.44814082T>A
SUMO3	ENST00000411651.6	426	11124	DA14049	2688399	2547381	endometrium	NS	NS	NS	carcinoma	carcinosarcoma-malignant_mesodermal_mixed_tumour	NS	NS	y	COSV60538189	COSN27853929	121679313	c.21+449G>A	p.?	Unknown			38	21:44817499-44817499	-	-	Confirmed somatic variant		677	NS	primary	81		ENST00000411651.6:c.21+449G>A	21:g.44817499C>T
SUMO3	ENST00000411651.6	426	11124	C0088T	2197742	2066020	kidney	NS	NS	NS	NS	NS	NS	NS	y	COSV58368709	COSN10027343	121679764	c.*1153C>T	p.?	Unknown			38	21:44805798-44805798	-	-	Confirmed somatic variant		588	NS	NS			ENST00000411651.6:c.*1153C>T	21:g.44805798G>A
SUMO3	ENST00000411651.6	426	11124	I2L-P24Ta-Tumor-Organoid	2433503	2296384	large_intestine	colon	sigmoid	NS	carcinoma	adenocarcinoma	NS	NS	y	COSV60537838	COSM3766670	121679472	c.178C>G	p.L60V	Substitution - Missense	het		38	21:44813948-44813948	-	-	Confirmed somatic variant	25957691		NS	NS	60	ENSP00000409666.2:p.Leu60Val	ENST00000411651.6:c.178C>G	21:g.44813948G>C
SUMO3	ENST00000411651.6	426	11124	TCGA-AA-3833-01	1651042	1565829	large_intestine	colon	ascending	NS	carcinoma	adenocarcinoma	NS	NS	y	COSV60538499	COSN228428	121680822	c.336+47C>T	p.?	Unknown			38	21:44809000-44809000	-	-	Confirmed somatic variant	22810696	376	NS	NS	63		ENST00000411651.6:c.336+47C>T	21:g.44809000G>A
SUMO3	ENST00000411651.6	426	11124	TCGA-59-2349-01	2196454	2064732	ovary	NS	NS	NS	carcinoma	serous_carcinoma	NS	NS	y	COSV100254429	COSM7508858	121680447	c.184G>A	p.V62M	Substitution - Missense			38	21:44813942-44813942	-	-	Confirmed somatic variant		331	NS	NS	71	ENSP00000409666.2:p.Val62Met	ENST00000411651.6:c.184G>A	21:g.44813942C>T
SUMO3	ENST00000411651.6	426	11124	CPCG0432-F1	2746158	2604861	prostate	NS	NS	NS	carcinoma	adenocarcinoma	NS	NS	y	COSV60538133	COSN29562895	121680039	c.-59T>C	p.?	Unknown			38	21:44818027-44818027	-	-	Confirmed somatic variant		537	NS	primary	56		ENST00000411651.6:c.-59T>C	21:g.44818027A>G
SUMO3	ENST00000411651.6	426	11124	PT38	2521295	2383638	skin	NS	NS	NS	carcinoma	basal_cell_carcinoma	NS	NS	y	COSV60538218	COSM5923386	121679565	c.397G>A	p.E133K	Substitution - Missense			38	21:44806980-44806980	-	-	Confirmed somatic variant	25759019		surgery fresh/frozen	NS		ENSP00000409666.2:p.Glu133Lys	ENST00000411651.6:c.397G>A	21:g.44806980C>T
SUMO3	ENST00000411651.6	426	11124	TCGA-EY-A1GT-01	2198403	2066681	endometrium	NS	NS	NS	carcinoma	endometrioid_carcinoma	NS	NS	y	COSV100254507	COSM8170259	121680092	c.336+5G>A	p.?	Unknown			38	21:44809042-44809042	-	-	Confirmed somatic variant		419	NS	NS	68		ENST00000411651.6:c.336+5G>A	21:g.44809042C>T
SUMO3	ENST00000411651.6	426	11124	CHG-2013-27553T	2634356	2494752	liver	NS	NS	NS	other	neoplasm	NS	NS	y	COSV60537736	COSN26505659	121679394	c.265-48T>C	p.?	Unknown			38	21:44809166-44809166	-	-	Confirmed somatic variant		660	NS	primary	62		ENST00000411651.6:c.265-48T>C	21:g.44809166A>G
SUMO3	ENST00000411651.6	426	11124	CHG-2013-27553T	2634356	2494752	liver	NS	NS	NS	other	neoplasm	NS	NS	y	COSV60537733	COSN26505802	121679382	c.265-36C>T	p.?	Unknown			38	21:44809154-44809154	-	-	Confirmed somatic variant		660	NS	primary	62		ENST00000411651.6:c.265-36C>T	21:g.44809154G>A
SUMO3	ENST00000411651.6	426	11124	C0077T	2197780	2066058	kidney	NS	NS	NS	NS	NS	NS	NS	y	COSV60537785	COSN10027347	121679334	c.22-1879C>A	p.?	Unknown			38	21:44815983-44815983	-	-	Confirmed somatic variant		588	NS	NS			ENST00000411651.6:c.22-1879C>A	21:g.44815983G>T
SUMO3	ENST00000411651.6	426	11124	tumor_4101626	2634677	2495073	haematopoietic_and_lymphoid_tissue	NS	NS	NS	lymphoid_neoplasm	NS	NS	NS	y	COSV60537904	COSN25585310	121680301	c.265-1786C>T	p.?	Unknown			38	21:44810904-44810904	-	-	Confirmed somatic variant		440	NS	primary	68		ENST00000411651.6:c.265-1786C>T	21:g.44810904G>A
SUMO3	ENST00000411651.6	426	11124	45	2748017	2606720	stomach	NS	NS	NS	carcinoma	NS	NS	NS	y	COSV100254575	COSN30735411	121680842	c.22-23C>G	p.?	Unknown			38	21:44814127-44814127	-	-	Confirmed somatic variant		683	NS	primary			ENST00000411651.6:c.22-23C>G	21:g.44814127G>C
SUMO3	ENST00000411651.6	426	11124	0073_CRUK_PC_0073_T1_DNA	2457571	2320408	prostate	NS	NS	NS	carcinoma	adenocarcinoma	NS	NS	y	COSV60538305	COSN19576837	121680412	c.265-1880_265-1853del	p.?	Unknown			38	21:44810985-44811012	-	-	Confirmed somatic variant		538	NS	primary	60		ENST00000411651.6:c.265-1880_265-1853del	21:g.44810985_44811012del
SUMO3	ENST00000411651.6	426	11124	AOCS-166-1-2	2196284	2064562	ovary	NS	NS	NS	carcinoma	mixed_adenosquamous_carcinoma	NS	NS	y	COSV60538369	COSN9160236	121680568	c.265-239C>A	p.?	Unknown			38	21:44809357-44809357	-	-	Confirmed somatic variant		585	NS	NS			ENST00000411651.6:c.265-239C>A	21:g.44809357G>T
SUMO3	ENST00000411651.6	426	11124	AOCS-056-1-X	2196348	2064626	ovary	NS	NS	NS	carcinoma	mixed_adenosquamous_carcinoma	NS	NS	y	COSV60538375	COSN9160235	121679714	c.*86C>T	p.?	Unknown			38	21:44806865-44806865	-	-	Confirmed somatic variant		585	NS	NS			ENST00000411651.6:c.*86C>T	21:g.44806865G>A
SUMO3	ENST00000411651.6	426	11124	IGC-11-1090	2662354	2522478	lung	NS	NS	NS	carcinoma	adenocarcinoma	NS	NS	y	COSV60538519	COSM6533226	121679365	c.18C>G	p.P6=	Substitution - coding silent			38	21:44817951-44817951	-	-	Confirmed somatic variant	27923066		surgery fresh/frozen	primary		ENSP00000409666.2:p.Pro6=	ENST00000411651.6:c.18C>G	21:g.44817951G>C
SUMO3	ENST00000411651.6	426	11124	EOSRC-IN-1095	2902070	2756308	large_intestine	rectum	NS	NS	carcinoma	adenocarcinoma	NS	NS	y	COSV99063818	COSN30044177	121679799	c.*17C>G	p.?	Unknown			38	21:44806934-44806934	-	-	Confirmed somatic variant	33262464		surgery - NOS	NS	47		ENST00000411651.6:c.*17C>G	21:g.44806934G>C
SUMO3	ENST00000411651.6	426	11124	PD7306a	1541118	1463432	breast	NS	NS	NS	carcinoma	ER-HER-positive_carcinoma	NS	NS	y	COSV60537850	COSN22854225	121679850	c.265-1898_265-1897insCGTGTGTGTGTATGTGTGGGTGTGTGCGTGTGTGTT	p.?	Unknown			38	21:44811016-44811017	-	-	Confirmed somatic variant		652	NS	NS	55		ENST00000411651.6:c.265-1898_265-1897insCGTGTGTGTGTATGTGTGGGTGTGTGCGTGTGTGTT	21:g.44811016_44811017insACACACACGCACACACCCACACATACACACACACGA
SUMO3	ENST00000411651.6	426	11124	TCGA-B5-A1MX-01	2198273	2066551	endometrium	NS	NS	NS	carcinoma	endometrioid_carcinoma	NS	NS	y	COSV100254410	COSN31533466	121679964	c.*23C>T	p.?	Unknown			38	21:44806928-44806928	-	-	Confirmed somatic variant		419	NS	NS	47		ENST00000411651.6:c.*23C>T	21:g.44806928G>A
SUMO3	ENST00000411651.6	426	11124	TCGA-DI-A0WH-01	1783540	1687539	endometrium	NS	NS	NS	carcinoma	endometrioid_carcinoma	NS	NS	y	COSV60538000	COSN499917	121679515	c.336+44G>A	p.?	Unknown			38	21:44809003-44809003	-	-	Confirmed somatic variant		419	fresh/frozen - NOS	primary	64		ENST00000411651.6:c.336+44G>A	21:g.44809003C>T
SUMO3	ENST00000411651.6	426	11124	TCGA-55-8616-01	2194747	2063025	lung	NS	NS	NS	carcinoma	adenocarcinoma	NS	NS	y	COSV100254319	COSN30184446	121679892	c.336+22G>C	p.?	Unknown			38	21:44809025-44809025	-	-	Confirmed somatic variant		417	NS	NS	58		ENST00000411651.6:c.336+22G>C	21:g.44809025C>G
SUMO3	ENST00000411651.6	426	11124	TCGA-C5-A7CH-01	2263165	2130149	cervix	NS	NS	NS	carcinoma	squamous_cell_carcinoma	NS	NS	y	COSV60538026	COSN16130344	121680373	c.*173C>G	p.?	Unknown			38	21:44806778-44806778	-	-	Confirmed somatic variant		415	NS	primary	43		ENST00000411651.6:c.*173C>G	21:g.44806778G>C
SUMO3	ENST00000411651.6	426	11124	TCGA-DA-A1IC-06	2121579	1995815	skin	NS	NS	NS	malignant_melanoma	NS	NS	NS	y	COSV100254479	COSN30450517	121680173	c.*11C>T	p.?	Unknown			38	21:44806940-44806940	-	-	Confirmed somatic variant		540	NS	NS	81		ENST00000411651.6:c.*11C>T	21:g.44806940G>A
SUMO3	ENST00000411651.6	426	11124	2785974	2785974	2643434	stomach	NS	NS	NS	adenoma	NS	NS	NS	y	COSV60537838	COSM3766670	121679472	c.178C>G	p.L60V	Substitution - Missense			38	21:44813948-44813948	-	-	Confirmed somatic variant	27175599		surgery fresh/frozen	NS	75	ENSP00000409666.2:p.Leu60Val	ENST00000411651.6:c.178C>G	21:g.44813948G>C
SUMO3	ENST00000411651.6	426	11124	8061185	2121221	1995457	pancreas	NS	NS	NS	carcinoma	ductal_carcinoma	NS	NS	y	COSV60538391	COSM3390027	121679738	c.126G>A	p.L42=	Substitution - coding silent			38	21:44814000-44814000	-	-	Confirmed somatic variant		328	NS	NS		ENSP00000409666.2:p.Leu42=	ENST00000411651.6:c.126G>A	21:g.44814000C>T
SUMO3	ENST00000411651.6	426	11124	TCGA-B5-A0JY-01	1783388	1687387	endometrium	NS	NS	NS	carcinoma	endometrioid_carcinoma	NS	NS	y	COSV60537820	COSM1031351	121679444	c.297C>T	p.F99=	Substitution - coding silent			38	21:44809086-44809086	-	-	Confirmed somatic variant		419	fresh/frozen - NOS	primary	50	ENSP00000409666.2:p.Phe99=	ENST00000411651.6:c.297C>T	21:g.44809086G>A
SUMO3	ENST00000411651.6	426	11124	TCGA-AP-A054-01	1783333	1687332	endometrium	NS	NS	NS	carcinoma	endometrioid_carcinoma	NS	NS	y	COSV60537920	COSM1031350	121680271	c.336+2T>C	p.?	Unknown			38	21:44809045-44809045	-	-	Confirmed somatic variant		419	fresh/frozen - NOS	primary	64		ENST00000411651.6:c.336+2T>C	21:g.44809045A>G
SUMO3	ENST00000411651.6	426	11124	T1225	2658289	2518448	large_intestine	NS	NS	NS	carcinoma	adenocarcinoma	NS	NS	y	COSV60538260	COSN26997462	121680136	c.22-71_22-70del	p.?	Unknown			38	21:44814175-44814176	-	-	Confirmed somatic variant	27149842		NS	NS	75		ENST00000411651.6:c.22-71_22-70del	21:g.44814175_44814176del
SUMO3	ENST00000411651.6	426	11124	TCGA-F1-6177-01	2198156	2066434	stomach	NS	NS	NS	carcinoma	adenocarcinoma	NS	NS	y	COSV60538290	COSM4102013	121679543	c.110C>T	p.T37M	Substitution - Missense			38	21:44814016-44814016	-	-	Confirmed somatic variant		541	NS	NS	90	ENSP00000409666.2:p.Thr37Met	ENST00000411651.6:c.110C>T	21:g.44814016G>A
SUMO3	ENST00000411651.6	426	11124	TCGA-WE-A8ZR-06	2339486	2204469	skin	NS	NS	NS	malignant_melanoma	NS	NS	NS	y	COSV60538094	COSN28162403	121679710	c.336+37C>T	p.?	Unknown			38	21:44809010-44809010	-	-	Confirmed somatic variant		540	NS	NS	49		ENST00000411651.6:c.336+37C>T	21:g.44809010G>A
SUMO3	ENST00000411651.6	426	11124	GCTK_340_T	2747428	2606131	stomach	NS	NS	NS	carcinoma	NS	NS	NS	y	COSV60537720	COSN15665572	121679689	c.336+532del	p.?	Unknown			38	21:44808524-44808524	-	-	Confirmed somatic variant		683	NS	primary			ENST00000411651.6:c.336+532del	21:g.44808524del
SUMO3	ENST00000411651.6	426	11124	TCGA-AX-A2HD-01	2198411	2066689	endometrium	NS	NS	NS	carcinoma	endometrioid_carcinoma	NS	NS	y	COSV100254413	COSN31590789	121680921	c.*68C>T	p.?	Unknown			38	21:44806883-44806883	-	-	Confirmed somatic variant		419	NS	NS	69		ENST00000411651.6:c.*68C>T	21:g.44806883G>A
SUMO3	ENST00000411651.6	426	11124	TCGA-IR-A3LA-01	2193391	2061669	cervix	NS	NS	NS	carcinoma	squamous_cell_carcinoma	NS	NS	y	COSV60538018	COSN16131177	121679624	c.336+492C>G	p.?	Unknown			38	21:44808555-44808555	-	-	Confirmed somatic variant		415	NS	NS	60		ENST00000411651.6:c.336+492C>G	21:g.44808555G>C
SUMO3	ENST00000411651.6	426	11124	DN12045	2549282	2410737	breast	NS	NS	NS	carcinoma	HER-positive_carcinoma	NS	NS	y	COSV60538310	COSN24053234	121680347	c.22-937C>A	p.?	Unknown			38	21:44815041-44815041	-	-	Confirmed somatic variant		668	NS	primary	66		ENST00000411651.6:c.22-937C>A	21:g.44815041G>T
SUMO3	ENST00000411651.6	426	11124	STC291	2404163	2267015	stomach	NS	NS	NS	carcinoma	intestinal_adenocarcinoma	NS	NS	y	COSV60538115	COSM5057628	121679631	c.50T>G	p.I17S	Substitution - Missense			38	21:44814076-44814076	-	-	Confirmed somatic variant	25042771		surgery fresh/frozen	primary	75	ENSP00000409666.2:p.Ile17Ser	ENST00000411651.6:c.50T>G	21:g.44814076A>C
SUMO3	ENST00000411651.6	426	11124	ILMN12	2816772	2673123	large_intestine	colon	ascending	NS	carcinoma	adenocarcinoma	NS	NS	y	COSV60537720	COSN15665572	121679689	c.336+532del	p.?	Unknown			38	21:44808524-44808524	-	-	Confirmed somatic variant	29937994		surgery fresh/frozen	NS	45		ENST00000411651.6:c.336+532del	21:g.44808524del
SUMO3	ENST00000411651.6	426	11124	0118_CRUK_PC_0118_T1_DNA	2457588	2320425	prostate	NS	NS	NS	carcinoma	adenocarcinoma	NS	NS	y	COSV60537648	COSN19580563	121679560	c.265-239C>T	p.?	Unknown			38	21:44809357-44809357	-	-	Confirmed somatic variant		538	NS	primary	62		ENST00000411651.6:c.265-239C>T	21:g.44809357G>A
SUMO3	ENST00000411651.6	426	11124	PD17981a	2010947	1893621	breast	NS	NS	NS	carcinoma	ductal_carcinoma	micropapillary	NS	y	COSV60538172	COSN20619511	121680388	c.22-471G>A	p.?	Unknown			38	21:44814575-44814575	-	-	Confirmed somatic variant		652	NS	NS			ENST00000411651.6:c.22-471G>A	21:g.44814575C>T
SUMO3	ENST00000411651.6	426	11124	TCGA-KK-A59V-01	2339426	2204409	prostate	NS	NS	NS	carcinoma	adenocarcinoma	NS	NS	y	COSV60538571	COSM4878223	121680693	c.262G>A	p.E88K	Substitution - Missense			38	21:44813864-44813864	-	-	Confirmed somatic variant		435	NS	primary	64	ENSP00000409666.2:p.Glu88Lys	ENST00000411651.6:c.262G>A	21:g.44813864C>T
SUMO3	ENST00000411651.6	426	11124	TCGA-G2-A2EC-01	1898120	1786804	urinary_tract	bladder	NS	NS	carcinoma	NS	NS	NS	y	COSV60538142	COSM7121277	121679502	c.303G>A	p.G101=	Substitution - coding silent			38	21:44809080-44809080	-	-	Confirmed somatic variant		413	fresh/frozen - NOS	primary	58	ENSP00000409666.2:p.Gly101=	ENST00000411651.6:c.303G>A	21:g.44809080C>T
SUMO3	ENST00000411651.6	426	11124	WD_01	2688650	2547632	skin	face	NS	NS	carcinoma	squamous_cell_carcinoma	NS	NS	y	COSV60538094	COSN28162403	121679710	c.336+37C>T	p.?	Unknown	het		38	21:44809010-44809010	-	-	Confirmed somatic variant	24662767		surgery fresh/frozen	NS	64		ENST00000411651.6:c.336+37C>T	21:g.44809010G>A
SUMO3	ENST00000411651.6	426	11124	PCSI_0083_Pa_P_526	2197226	2065504	pancreas	NS	NS	NS	carcinoma	ductal_carcinoma	NS	NS	y	COSV60538511	COSN8008223	121680183	c.336+296G>A	p.?	Unknown			38	21:44808751-44808751	-	-	Confirmed somatic variant		382	NS	NS			ENST00000411651.6:c.336+296G>A	21:g.44808751C>T
SUMO3	ENST00000411651.6	426	11124	PD9600a	1649423	1564235	breast	NS	NS	NS	carcinoma	lobular_carcinoma	NS	NS	y	COSV60537832	COSN22819185	121680264	c.-147dup	p.?	Unknown			38	21:44818119-44818120	-	-	Confirmed somatic variant		652	NS	primary			ENST00000411651.6:c.-147dup	21:g.44818119dup
SUMO3	ENST00000411651.6	426	11124	TCGA-77-8008-01	2195149	2063427	lung	NS	NS	NS	carcinoma	squamous_cell_carcinoma	NS	NS	y	COSV100254527	COSM8759873	121679596	c.183C>T	p.P61=	Substitution - coding silent			38	21:44813943-44813943	-	-	Confirmed somatic variant		418	NS	NS	68	ENSP00000409666.2:p.Pro61=	ENST00000411651.6:c.183C>T	21:g.44813943G>A
SUMO3	ENST00000411651.6	426	11124	CHG-2011-15617T	2634353	2494749	liver	NS	NS	NS	other	neoplasm	NS	NS	y	COSV60537671	COSM4591231	121679342	c.205G>T	p.V69F	Substitution - Missense			38	21:44813921-44813921	-	-	Confirmed somatic variant		660	NS	primary	79	ENSP00000409666.2:p.Val69Phe	ENST00000411651.6:c.205G>T	21:g.44813921C>A
SUMO3	ENST00000411651.6	426	11124	TCGA-CK-6746-01	1651201	1565988	large_intestine	caecum	NS	NS	carcinoma	adenocarcinoma	NS	NS	y	COSV60538628	COSN18337922	121680618	c.265-99G>A	p.?	Unknown			38	21:44809217-44809217	-	-	Confirmed somatic variant	22810696	376	NS	NS	84		ENST00000411651.6:c.265-99G>A	21:g.44809217C>T
SUMO3	ENST00000411651.6	426	11124	TCGA-G2-A2EJ-01	1898122	1786806	urinary_tract	bladder	NS	NS	carcinoma	NS	NS	NS	y	COSV100254301	COSM7636161	121680522	c.386G>T	p.G129V	Substitution - Missense			38	21:44806991-44806991	-	-	Confirmed somatic variant		413	fresh/frozen - NOS	primary	56	ENSP00000409666.2:p.Gly129Val	ENST00000411651.6:c.386G>T	21:g.44806991C>A
SUMO3	ENST00000411651.6	426	11124	TCGA-EI-6883-01	1651626	1566413	large_intestine	rectum	NS	NS	carcinoma	adenocarcinoma	NS	NS	y	COSV100254266	COSN30110843	121680668	c.*94C>T	p.?	Unknown			38	21:44806857-44806857	-	-	Confirmed somatic variant		375	NS	primary	63		ENST00000411651.6:c.*94C>T	21:g.44806857G>A
SUMO3	ENST00000411651.6	426	11124	LP2000331-DNA_A01	2549450	2410905	oesophagus	NS	NS	NS	carcinoma	adenocarcinoma	NS	NS	y	COSV60537975	COSN23591937	121681057	c.22-1347G>A	p.?	Unknown			38	21:44815451-44815451	-	-	Confirmed somatic variant		535	NS	primary			ENST00000411651.6:c.22-1347G>A	21:g.44815451C>T
SUMO3	ENST00000411651.6	426	11124	2785973	2785973	2643434	stomach	NS	NS	NS	adenoma	NS	NS	NS	y	COSV60537838	COSM3766670	121679472	c.178C>G	p.L60V	Substitution - Missense			38	21:44813948-44813948	-	-	Confirmed somatic variant	27175599		surgery fresh/frozen	NS	75	ENSP00000409666.2:p.Leu60Val	ENST00000411651.6:c.178C>G	21:g.44813948G>C
SUMO3	ENST00000411651.6	426	11124	GC_340T-GC_340N	2324588	2189697	stomach	NS	NS	NS	carcinoma	diffuse_adenocarcinoma	NS	NS	y	COSV60537720	COSN15665572	121679689	c.336+532del	p.?	Unknown			38	21:44808524-44808524	-	-	Confirmed somatic variant	24816255		surgery fresh/frozen	NS			ENST00000411651.6:c.336+532del	21:g.44808524del
SUMO3	ENST00000411651.6	426	11124	TCGA-CG-4442-01	2198151	2066429	stomach	NS	NS	NS	carcinoma	adenocarcinoma	NS	NS	y	COSV100254507	COSM8170259	121680092	c.336+5G>A	p.?	Unknown			38	21:44809042-44809042	-	-	Confirmed somatic variant		541	NS	NS	85		ENST00000411651.6:c.336+5G>A	21:g.44809042C>T
SUMO3	ENST00000411651.6	426	11124	CHG-91T	2634273	2494669	liver	NS	NS	NS	other	neoplasm	NS	NS	y	COSV60538514	COSM6286754	121679359	c.224C>A	p.A75E	Substitution - Missense			38	21:44813902-44813902	-	-	Confirmed somatic variant		660	NS	primary	53	ENSP00000409666.2:p.Ala75Glu	ENST00000411651.6:c.224C>A	21:g.44813902G>T
SUMO3	ENST00000411651.6	426	11124	T4534	2658554	2518713	large_intestine	NS	NS	NS	carcinoma	adenocarcinoma	NS	NS	y	COSV60537710	COSM6793075	121680658	c.124C>T	p.L42=	Substitution - coding silent			38	21:44814002-44814002	-	-	Confirmed somatic variant	27149842		NS	NS	72.83	ENSP00000409666.2:p.Leu42=	ENST00000411651.6:c.124C>T	21:g.44814002G>A
SUMO3	ENST00000411651.6	426	11124	GCTK_16444_T	2747525	2606228	stomach	NS	NS	NS	carcinoma	NS	NS	NS	y	COSV100254552	COSM8590516	121679321	c.128_130del	p.M43del	Deletion - In frame			38	21:44813999-44814001	-	-	Confirmed somatic variant		683	NS	primary		ENSP00000409666.2:p.Met43del	ENST00000411651.6:c.128_130del	21:g.44813999_44814001del
SUMO3	ENST00000411651.6	426	11124	DN13027	2549303	2410758	breast	NS	NS	NS	carcinoma	HER-positive_carcinoma	NS	NS	y	COSV58368128	COSN21411791	121679375	c.*1192T>A	p.?	Unknown			38	21:44805759-44805759	-	-	Confirmed somatic variant		668	NS	primary	76		ENST00000411651.6:c.*1192T>A	21:g.44805759A>T
SUMO3	ENST00000411651.6	426	11124	TCGA-MV-A51V-01	2193279	2061557	urinary_tract	bladder	NS	NS	carcinoma	NS	NS	NS	y	COSV60538255	COSM7149663	121679886	c.57G>A	p.L19=	Substitution - coding silent			38	21:44814069-44814069	-	-	Confirmed somatic variant		413	NS	NS	75	ENSP00000409666.2:p.Leu19=	ENST00000411651.6:c.57G>A	21:g.44814069C>T
SUMO3	ENST00000411651.6	426	11124	2748743	2748743	2607446	biliary_tract	bile_duct	NS	NS	carcinoma	adenocarcinoma	NS	NS	y	COSV60538728	COSM2821395	121680103	c.114G>A	p.P38=	Substitution - coding silent			38	21:44814012-44814012	-	-	Confirmed somatic variant	29360550		surgery fresh/frozen	NS	50	ENSP00000409666.2:p.Pro38=	ENST00000411651.6:c.114G>A	21:g.44814012C>T
SUMO3	ENST00000411651.6	426	11124	PD24322a	2241684	2109215	breast	NS	NS	NS	carcinoma	ductal_carcinoma	NS	NS	y	COSV60538413	COSN21705075	121680710	c.22-912C>T	p.?	Unknown			38	21:44815016-44815016	-	-	Confirmed somatic variant		652	NS	NS			ENST00000411651.6:c.22-912C>T	21:g.44815016G>A
SUMO3	ENST00000411651.6	426	11124	TCGA-BG-A221-01	2198482	2066760	endometrium	NS	NS	NS	carcinoma	endometrioid_carcinoma	NS	NS	y	COSV60538358	COSN28175034	121679536	c.336+16C>T	p.?	Unknown			38	21:44809031-44809031	-	-	Confirmed somatic variant		419	NS	NS	84		ENST00000411651.6:c.336+16C>T	21:g.44809031G>A
SUMO3	ENST00000411651.6	426	11124	ILMN29	2816789	2673140	large_intestine	colon	transverse	NS	carcinoma	adenocarcinoma	NS	NS	y	COSV60537720	COSN15665572	121679689	c.336+532del	p.?	Unknown			38	21:44808524-44808524	-	-	Confirmed somatic variant	29937994		surgery fresh/frozen	NS	58		ENST00000411651.6:c.336+532del	21:g.44808524del
SUMO3	ENST00000411651.6	426	11124	TCGA-HU-A4G9-01	2197888	2066166	stomach	NS	NS	NS	carcinoma	adenocarcinoma	NS	NS	y	COSV60537704	COSM4102011	121680646	c.407T>C	p.L136P	Substitution - Missense			38	21:44806970-44806970	-	-	Confirmed somatic variant		541	NS	NS	67	ENSP00000409666.2:p.Leu136Pro	ENST00000411651.6:c.407T>C	21:g.44806970A>G
SUMO3	ENST00000411651.6	426	11124	TCGA-HC-7819-01	2263220	2130204	prostate	NS	NS	NS	carcinoma	adenocarcinoma	NS	NS	y	COSV60537747	COSM4392567	121679872	c.186G>A	p.V62=	Substitution - coding silent			38	21:44813940-44813940	-	-	Confirmed somatic variant		435	NS	primary	53	ENSP00000409666.2:p.Val62=	ENST00000411651.6:c.186G>A	21:g.44813940C>T
SUMO3	ENST00000411651.6	426	11124	PCSI_0038_Pa_X	2121268	1995504	pancreas	NS	NS	NS	carcinoma	ductal_carcinoma	NS	NS	y	COSV60538464	COSN19369072	121680364	c.336+32G>A	p.?	Unknown			38	21:44809015-44809015	-	-	Confirmed somatic variant		382	NS	NS			ENST00000411651.6:c.336+32G>A	21:g.44809015C>T
SUMO3	ENST00000411651.6	426	11124	CHC205T	1652971	1567758	liver	NS	NS	NS	carcinoma	hepatocellular_carcinoma	NS	NS	y	COSV60537838	COSM3766670	121679472	c.178C>G	p.L60V	Substitution - Missense			38	21:44813948-44813948	-	-	Confirmed somatic variant		381	fresh/frozen - NOS	primary		ENSP00000409666.2:p.Leu60Val	ENST00000411651.6:c.178C>G	21:g.44813948G>C
SUMO3	ENST00000411651.6	426	11124	PCSI_0472_Pa_P_526	2385497	2248329	pancreas	NS	NS	NS	carcinoma	ductal_carcinoma	NS	NS	y	COSV60537676	COSN17261955	121679836	c.264+2276C>T	p.?	Unknown			38	21:44811586-44811586	-	-	Confirmed somatic variant		382	NS	primary	75		ENST00000411651.6:c.264+2276C>T	21:g.44811586G>A
SUMO3	ENST00000411651.6	426	11124	TCGA-55-8506-01	2194766	2063044	lung	NS	NS	NS	carcinoma	adenocarcinoma	NS	NS	y	COSV100254280	COSN30190114	121679678	c.*24G>A	p.?	Unknown			38	21:44806927-44806927	-	-	Confirmed somatic variant		417	NS	NS	62		ENST00000411651.6:c.*24G>A	21:g.44806927C>T
SUMO3	ENST00000411651.6	426	11124	TCGA-ER-A195-06	2121707	1995943	skin	NS	NS	NS	malignant_melanoma	NS	NS	NS	y	COSV100254539	COSM7985371	121680156	c.336+5G>T	p.?	Unknown			38	21:44809042-44809042	-	-	Confirmed somatic variant		540	NS	NS	46		ENST00000411651.6:c.336+5G>T	21:g.44809042C>A
SUMO3	ENST00000411651.6	426	11124	TCGA-2Z-A9JL-01	2386148	2248980	kidney	NS	NS	NS	carcinoma	papillary_renal_cell_carcinoma	NS	NS	y	COSV100254336	COSM8248026	121680045	c.422T>G	p.F141C	Substitution - Missense			38	21:44806955-44806955	-	-	Confirmed somatic variant		543	NS	primary	47	ENSP00000409666.2:p.Phe141Cys	ENST00000411651.6:c.422T>G	21:g.44806955A>C
SUMO3	ENST00000411651.6	426	11124	T2406	2658511	2518670	large_intestine	NS	NS	NS	carcinoma	adenocarcinoma	NS	NS	y	COSV60537690	COSM385921	121679440	c.66C>T	p.A22=	Substitution - coding silent			38	21:44814060-44814060	-	-	Confirmed somatic variant	27149842		NS	NS	58.33	ENSP00000409666.2:p.Ala22=	ENST00000411651.6:c.66C>T	21:g.44814060G>A
SUMO3	ENST00000411651.6	426	11124	TCGA-D3-A51G-06	2121542	1995778	skin	NS	NS	NS	malignant_melanoma	NS	NS	NS	y	COSV60538211	COSM3551537	121679461	c.372C>T	p.F124=	Substitution - coding silent			38	21:44807005-44807005	-	-	Confirmed somatic variant		540	NS	NS	34	ENSP00000409666.2:p.Phe124=	ENST00000411651.6:c.372C>T	21:g.44807005G>A
SUMO3	ENST00000411651.6	426	11124	EXTERN_MELA_20140524_020	2839454	2695220	skin	trunk	NS	NS	malignant_melanoma	NS	NS	NS	y	COSV100254527	COSM8759873	121679596	c.183C>T	p.P61=	Substitution - coding silent			38	21:44813943-44813943	-	-	Confirmed somatic variant	28467829		surgery fresh/frozen	primary		ENSP00000409666.2:p.Pro61=	ENST00000411651.6:c.183C>T	21:g.44813943G>A
SUMO3	ENST00000411651.6	426	11124	I2L-P24Tb-Tumor-Biopsy	2433484	2296365	large_intestine	colon	sigmoid	NS	carcinoma	adenocarcinoma	NS	NS	y	COSV60537838	COSM3766670	121679472	c.178C>G	p.L60V	Substitution - Missense	het		38	21:44813948-44813948	-	-	Confirmed somatic variant	25957691		NS	NS	60	ENSP00000409666.2:p.Leu60Val	ENST00000411651.6:c.178C>G	21:g.44813948G>C
SUMO3	ENST00000411651.6	426	11124	2014_Lung_sq_93_T	2744860	2603563	lung	NS	NS	NS	carcinoma	NS	NS	NS	y	COSV60538607	COSN28753900	121680021	c.22-60A>T	p.?	Unknown			38	21:44814164-44814164	-	-	Confirmed somatic variant		583	NS	primary	69		ENST00000411651.6:c.22-60A>T	21:g.44814164T>A
SUMO3	ENST00000411651.6	426	11124	2014_Lung_sq_55_T	2744926	2603629	lung	NS	NS	NS	carcinoma	NS	NS	NS	y	COSV60537671	COSM4591231	121679342	c.205G>T	p.V69F	Substitution - Missense			38	21:44813921-44813921	-	-	Confirmed somatic variant		583	NS	primary	76	ENSP00000409666.2:p.Val69Phe	ENST00000411651.6:c.205G>T	21:g.44813921C>A
SUMO3	ENST00000411651.6	426	11124	5-2A	2746100	2604803	large_intestine	NS	NS	NS	carcinoma	adenocarcinoma	NS	NS	y	COSV60537720	COSN15665572	121679689	c.336+532del	p.?	Unknown			38	21:44808524-44808524	-	-	Confirmed somatic variant		646	NS	primary	51		ENST00000411651.6:c.336+532del	21:g.44808524del
SUMO3	ENST00000411651.6	426	11124	PD26932a	2843061	2698515	skin	mucosal	oral_cavity	NS	malignant_melanoma	NS	NS	NS	y	COSV104655064	COSM9509842	121680285	c.413G>A	p.G138E	Substitution - Missense			38	21:44806964-44806964	-	-	Confirmed somatic variant	30664638		surgery-fixed	primary	50	ENSP00000409666.2:p.Gly138Glu	ENST00000411651.6:c.413G>A	21:g.44806964C>T
SUMO3	ENST00000411651.6	426	11124	8016486	1653103	1567890	pancreas	NS	NS	NS	carcinoma	ductal_carcinoma	NS	NS	y	COSV60537931	COSN8012021	121680004	c.22-1649C>G	p.?	Unknown			38	21:44815753-44815753	-	-	Confirmed somatic variant		328	fresh/frozen - NOS	primary			ENST00000411651.6:c.22-1649C>G	21:g.44815753G>C
SUMO3	ENST00000411651.6	426	11124	I2L-P24Tb-Tumor-Organoid	2433504	2296385	large_intestine	colon	sigmoid	NS	carcinoma	adenocarcinoma	NS	NS	y	COSV60537838	COSM3766670	121679472	c.178C>G	p.L60V	Substitution - Missense	het		38	21:44813948-44813948	-	-	Confirmed somatic variant	25957691		NS	NS	60	ENSP00000409666.2:p.Leu60Val	ENST00000411651.6:c.178C>G	21:g.44813948G>C
SUMO3	ENST00000411651.6	426	11124	CRC-06T	2456773	2319610	large_intestine	NS	NS	NS	carcinoma	adenocarcinoma	NS	NS	y	COSV60538422	COSM5456861	121680026	c.46C>A	p.H16N	Substitution - Missense			38	21:44814080-44814080	-	-	Confirmed somatic variant		646	NS	primary	64	ENSP00000409666.2:p.His16Asn	ENST00000411651.6:c.46C>A	21:g.44814080G>T
SUMO3	ENST00000411651.6	426	11124	8066440	2197011	2065289	pancreas	NS	NS	NS	carcinoma	ductal_carcinoma	NS	NS	y	COSV60538380	COSN8012020	121679721	c.265-2365C>T	p.?	Unknown			38	21:44811483-44811483	-	-	Confirmed somatic variant		328	NS	NS			ENST00000411651.6:c.265-2365C>T	21:g.44811483G>A
SUMO3	ENST00000411651.6	426	11124	145T	2745840	2604543	liver	NS	NS	NS	other	neoplasm	NS	NS	y	COSV60538086	COSN29352203	121679684	c.264+1953A>T	p.?	Unknown			38	21:44811909-44811909	-	-	Confirmed somatic variant		660	NS	primary	33		ENST00000411651.6:c.264+1953A>T	21:g.44811909T>A
SUMO3	ENST00000411651.6	426	11124	TCGA-DS-A1OC-01	1900261	1788945	cervix	NS	NS	NS	carcinoma	squamous_cell_carcinoma	NS	NS	y	COSV100254510	COSN30176415	121679457	c.*26C>T	p.?	Unknown			38	21:44806925-44806925	-	-	Confirmed somatic variant		415	fresh/frozen - NOS	primary	47		ENST00000411651.6:c.*26C>T	21:g.44806925G>A
SUMO3	ENST00000411651.6	426	11124	2785972	2785972	2643434	stomach	NS	NS	NS	adenoma	NS	NS	NS	y	COSV60537838	COSM3766670	121679472	c.178C>G	p.L60V	Substitution - Missense			38	21:44813948-44813948	-	-	Confirmed somatic variant	27175599		surgery fresh/frozen	NS	75	ENSP00000409666.2:p.Leu60Val	ENST00000411651.6:c.178C>G	21:g.44813948G>C
SUMO3	ENST00000411651.6	426	11124	C0037T	2197815	2066093	kidney	NS	NS	NS	NS	NS	NS	NS	y	COSV60537983	COSN10027344	121680454	c.264+1669T>A	p.?	Unknown			38	21:44812193-44812193	-	-	Confirmed somatic variant		588	NS	NS			ENST00000411651.6:c.264+1669T>A	21:g.44812193A>T
SUMO3	ENST00000411651.6	426	11124	TCGA-KQ-A41N-01	2457399	2320236	urinary_tract	bladder	NS	NS	carcinoma	NS	NS	NS	y	COSV60538340	COSM7140156	121679751	c.99C>A	p.I33=	Substitution - coding silent			38	21:44814027-44814027	-	-	Confirmed somatic variant		413	NS	primary	73	ENSP00000409666.2:p.Ile33=	ENST00000411651.6:c.99C>A	21:g.44814027G>T
SUMO3	ENST00000411651.6	426	11124	C0037T	2197815	2066093	kidney	NS	NS	NS	NS	NS	NS	NS	y	COSV60537988	COSN10027346	121680462	c.22-1169G>T	p.?	Unknown			38	21:44815273-44815273	-	-	Confirmed somatic variant		588	NS	NS			ENST00000411651.6:c.22-1169G>T	21:g.44815273C>A
SUMO3	ENST00000411651.6	426	11124	sysucc-274T	2456735	2319572	large_intestine	NS	NS	NS	carcinoma	adenocarcinoma	NS	NS	y	COSV60538484	COSN19732622	121680070	c.336+401C>A	p.?	Unknown			38	21:44808646-44808646	-	-	Confirmed somatic variant		646	NS	primary	51		ENST00000411651.6:c.336+401C>A	21:g.44808646G>T
SUMO3	ENST00000411651.6	426	11124	T2416	2658457	2518616	large_intestine	NS	NS	NS	carcinoma	adenocarcinoma	NS	NS	y	COSV60537660	COSM6793073	121679772	c.75C>T	p.D25=	Substitution - coding silent			38	21:44814051-44814051	-	-	Confirmed somatic variant	27149842		NS	NS	70.91	ENSP00000409666.2:p.Asp25=	ENST00000411651.6:c.75C>T	21:g.44814051G>A
SUMO3	ENST00000411651.6	426	11124	DA14048	2688398	2547380	endometrium	NS	NS	NS	carcinoma	carcinosarcoma-malignant_mesodermal_mixed_tumour	NS	NS	y	COSV60538189	COSN27853929	121679313	c.21+449G>A	p.?	Unknown			38	21:44817499-44817499	-	-	Confirmed somatic variant		677	NS	primary	81		ENST00000411651.6:c.21+449G>A	21:g.44817499C>T
SUMO3	ENST00000411651.6	426	11124	TCGA-69-8254-01	2194895	2063173	lung	NS	NS	NS	carcinoma	adenocarcinoma	NS	NS	y	COSV100254426	COSM7759372	121679697	c.276G>A	p.M92I	Substitution - Missense			38	21:44809107-44809107	-	-	Confirmed somatic variant		417	NS	NS	85	ENSP00000409666.2:p.Met92Ile	ENST00000411651.6:c.276G>A	21:g.44809107C>T
SUMO3	ENST00000411651.6	426	11124	SC_9103	2467422	2330253	prostate	NS	NS	NS	carcinoma	NS	NS	NS	y	COSV60538416	COSN20082221	121680715	c.-146_-145insC	p.?	Unknown	het		38	21:44818113-44818114	-	-	Confirmed somatic variant	26000489		surgery - NOS	metastasis	68		ENST00000411651.6:c.-146_-145insC	21:g.44818113_44818114insG
SUMO3	ENST00000411651.6	426	11124	1	2747973	2606676	stomach	NS	NS	NS	carcinoma	NS	NS	NS	y	COSV100254572	COSN30573945	121680580	c.336+434C>T	p.?	Unknown			38	21:44808613-44808613	-	-	Confirmed somatic variant		683	NS	primary			ENST00000411651.6:c.336+434C>T	21:g.44808613G>A
SUMO3	ENST00000411651.6	426	11124	TCGA-DK-A1A5-01	1779251	1683250	urinary_tract	bladder	NS	NS	carcinoma	NS	NS	NS	y	COSV60538358	COSN28175034	121679536	c.336+16C>T	p.?	Unknown			38	21:44809031-44809031	-	-	Confirmed somatic variant		413	fresh/frozen - NOS	primary	79		ENST00000411651.6:c.336+16C>T	21:g.44809031G>A
SUMO3	ENST00000411651.6	426	11124	PD24182a	2234058	2101563	breast	NS	NS	NS	carcinoma	ductal_carcinoma	NS	NS	y	COSV60538061	COSN22115763	121679349	c.264+841G>A	p.?	Unknown			38	21:44813021-44813021	-	-	Confirmed somatic variant		652	NS	NS			ENST00000411651.6:c.264+841G>A	21:g.44813021C>T
SUMO3	ENST00000411651.6	426	11124	T3724	2296245	2161848	large_intestine	colon	transverse	NS	carcinoma	adenocarcinoma	NS	NS	y	COSV60538078	COSM4730870	121680685	c.125T>C	p.L42P	Substitution - Missense			38	21:44814001-44814001	-	-	Confirmed somatic variant	25344691		NS	NS	78.91	ENSP00000409666.2:p.Leu42Pro	ENST00000411651.6:c.125T>C	21:g.44814001A>G
SUMO3	ENST00000411651.6	426	11124	T3724	2658235	2518394	large_intestine	NS	NS	NS	carcinoma	adenocarcinoma	NS	NS	y	COSV60538078	COSM4730870	121680685	c.125T>C	p.L42P	Substitution - Missense			38	21:44814001-44814001	-	-	Confirmed somatic variant	27149842		NS	NS	78.91	ENSP00000409666.2:p.Leu42Pro	ENST00000411651.6:c.125T>C	21:g.44814001A>G
SUMO3	ENST00000411651.6	426	11124	IC403	2545766	2407247	ovary	NS	NS	NS	carcinoma	mucinous_carcinoma	NS	NS	y	COSV60538473	COSN27008223	121680574	c.*44T>C	p.?	Unknown			38	21:44806907-44806907	-	-	Confirmed somatic variant	26257827		surgery fresh/frozen	primary	64		ENST00000411651.6:c.*44T>C	21:g.44806907A>G
SUMO3	ENST00000411651.6	426	11124	ICGC_MB85	2197449	2065727	central_nervous_system	brain	NS	NS	primitive_neuroectodermal_tumour-medulloblastoma	NS	NS	NS	y	COSV60537862	COSN6562336	121679403	c.21+174C>T	p.?	Unknown			38	21:44817774-44817774	-	-	Confirmed somatic variant		379	NS	NS			ENST00000411651.6:c.21+174C>T	21:g.44817774G>A
SUMO3	ENST00000411651.6	426	11124	TCGA-EK-A3GK-01	2263412	2130396	cervix	NS	NS	NS	carcinoma	squamous_cell_carcinoma	NS	NS	y	COSV58368158	COSN16132150	121680258	c.*1082C>T	p.?	Unknown			38	21:44805869-44805869	-	-	Confirmed somatic variant		415	NS	primary	33		ENST00000411651.6:c.*1082C>T	21:g.44805869G>A
SUMO3	ENST00000411651.6	426	11124	ML_30_T_01	2385645	2248477	skin	NS	NS	NS	carcinoma	NS	NS	NS	y	COSV58368058	COSN17970029	121680016	c.*685A>C	p.?	Unknown			38	21:44806266-44806266	-	-	Confirmed somatic variant		656	NS	primary	55		ENST00000411651.6:c.*685A>C	21:g.44806266T>G
SUMO3	ENST00000411651.6	426	11124	587228	1766751	1671071	large_intestine	colon	NS	NS	carcinoma	adenocarcinoma	NS	NS	y	COSV60538350	COSM1228009	121679525	c.113C>T	p.P38L	Substitution - Missense			38	21:44814013-44814013	-	-	Confirmed somatic variant	22895193		surgery fresh/frozen	primary		ENSP00000409666.2:p.Pro38Leu	ENST00000411651.6:c.113C>T	21:g.44814013G>A
SUMO3	ENST00000411651.6	426	11124	ZZUFHECRKL-G044T	2456969	2319806	oesophagus	NS	NS	NS	carcinoma	squamous_cell_carcinoma	NS	NS	y	COSV60537683	COSN19657707	121679354	c.265-64G>C	p.?	Unknown			38	21:44809182-44809182	-	-	Confirmed somatic variant		582	NS	primary	78		ENST00000411651.6:c.265-64G>C	21:g.44809182C>G
SUMO3	ENST00000411651.6	426	11124	8034061	2121102	1995338	pancreas	NS	NS	NS	carcinoma	ductal_carcinoma	NS	NS	y	COSV60537931	COSN8012021	121680004	c.22-1649C>G	p.?	Unknown			38	21:44815753-44815753	-	-	Confirmed somatic variant		328	NS	NS			ENST00000411651.6:c.22-1649C>G	21:g.44815753G>C
